city,lat,lng,country,iso2,iso3,province,city_chinese,province_chinese
Aba,32.9,101.7,China,CN,CHN,Sichuan,阿坝,四川
Agan,35.9176,103.8501,China,CN,CHN,Gansu,阿干,甘肃
Aheqi,40.9365,78.4023,China,CN,CHN,Xinjiang,阿合奇,新疆
Aihua,24.4167,100.1,China,CN,CHN,Yunnan,爱华,云南
Ailan Mubage,43.908,81.2777,China,CN,CHN,Xinjiang,艾兰木巴格,新疆
Aketao,39.1349,75.9337,China,CN,CHN,Xinjiang,阿克陶,新疆
Aksu,41.185,80.2904,China,CN,CHN,Xinjiang,阿克苏,新疆
Alashankou,45.1733,82.5546,China,CN,CHN,Xinjiang,阿拉山口,新疆
Altay,47.8666,88.1166,China,CN,CHN,Xinjiang,阿勒泰,新疆
Anda,46.424,125.352,China,CN,CHN,Heilongjiang,安达,黑龙江
Andicun,28.9761,119.6403,China,CN,CHN,Zhejiang,安地村,浙江
Andingcun,39.6172,116.4944,China,CN,CHN,Beijing,安定村,北京
Anguo,38.418,115.327,China,CN,CHN,Hebei,安国,河北
Ankang,32.6854,109.029,China,CN,CHN,Shaanxi,安康,陕西
Anlu,31.2667,113.6667,China,CN,CHN,Hubei,安陆,湖北
Anqing,30.5318,117.1153,China,CN,CHN,Anhui,安庆,安徽
Anqiu,36.478,119.219,China,CN,CHN,Shandong,安丘,山东
Anshan,41.108,122.994,China,CN,CHN,Liaoning,鞍山,辽宁
Anshun,26.2531,105.9476,China,CN,CHN,Guizhou,安顺,贵州
Anyuan,34.8808,105.2764,China,CN,CHN,Gansu,安远,甘肃
Aoshang,25.6842,113.0322,China,CN,CHN,Hunan,敖上,湖南
Aral,40.548,81.281,China,CN,CHN,Xinjiang,阿拉尔,新疆
Atushi,39.7162,76.1684,China,CN,CHN,Xinjiang,阿图什,新疆
Aweitancun,47.7251,88.0499,China,CN,CHN,Xinjiang,阿魏滩村,新疆
Baiceng,25.4333,105.8,China,CN,CHN,Guizhou,白层,贵州
Baicheng,23.903,106.619,China,CN,CHN,Guangxi,白城,广西
Baicheng,45.62,122.838,China,CN,CHN,Jilin,白城,吉林
Baicheng,41.7957,81.8715,China,CN,CHN,Xinjiang,白城,新疆
Baichigan,39.5317,115.9117,China,CN,CHN,Hebei,白池干,河北
Baiheqiao,22.9711,103.7964,China,CN,CHN,Yunnan,白河桥,云南
Baiji,26.1041,106.99,China,CN,CHN,Guizhou,白济,贵州
Bailin,33.485,105.0034,China,CN,CHN,Gansu,白林,甘肃
Bailongqiaocun,29.0767,119.5517,China,CN,CHN,Zhejiang,白龙桥村,浙江
Baipingshan,26.196,106.55,China,CN,CHN,Guizhou,白坪山,贵州
Baiquan,47.6018,126.0819,China,CN,CHN,Heilongjiang,拜泉,黑龙江
Bairuo,28.4782,112.8048,China,CN,CHN,Hunan,白若,湖南
Baisha,29.4896,119.337,China,CN,CHN,Zhejiang,白沙,浙江
Baishaling,24.095,113.7592,China,CN,CHN,Guangdong,白沙岭,广东
Baishan,41.944,126.4147,China,CN,CHN,Jilin,白山,吉林
Baishan,40.1656,116.3144,China,CN,CHN,Beijing,白山,北京
Baishi Airikecun,40.8748,80.3616,China,CN,CHN,Xinjiang,白石爱日克村,新疆
Baiyan,26.3584,106.2347,China,CN,CHN,Guizhou,白岩,贵州
Baiyashi,26.4019,111.2864,China,CN,CHN,Hunan,白牙市,湖南
Baiyin,36.5451,104.1389,China,CN,CHN,Gansu,白银,甘肃
Bajiao,27.6573,108.1937,China,CN,CHN,Guizhou,八角,贵州
Bakeshiyingcun,40.7237,117.193,China,CN,CHN,Hebei,巴克什营村,河北
Baluntaicun,42.7594,86.3231,China,CN,CHN,Xinjiang,巴伦台村,新疆
Bama,24.1474,107.2593,China,CN,CHN,Guangxi,巴马,广西
Bamei,24.3166,105.038,China,CN,CHN,Yunnan,八美,云南
Bamiantong,44.9167,130.5167,China,CN,CHN,Heilongjiang,八面通,黑龙江
Banbishancun,40.37,117.9317,China,CN,CHN,Hebei,半壁山村,河北
Bangshang,32.2575,108.1119,China,CN,CHN,Sichuan,邦上,四川
Bangzha,24.8333,104.6667,China,CN,CHN,Guizhou,邦扎,贵州
Banqiao,35.8914,107.9572,China,CN,CHN,Gansu,板桥,甘肃
Banzhuangcun,34.8504,118.851,China,CN,CHN,Jiangsu,班庄村,江苏
Baocheng,18.6431,109.6994,China,CN,CHN,Hainan,保城,海南
Baoding,38.874,115.464,China,CN,CHN,Hebei,保定,河北
Baohe,33.2033,106.9606,China,CN,CHN,Shaanxi,保和,陕西
Baohezhuangcun,39.685,116.2967,China,CN,CHN,Beijing,保和庄村,北京
Baojishi,34.363,107.238,China,CN,CHN,Shaanxi,宝鸡市,陕西
Baoshan,25.112,99.161,China,CN,CHN,Yunnan,保山,云南
Baotou,40.6213,109.9532,China,CN,CHN,Inner Mongolia,包头,内蒙古
Basuo,19.092,108.671,China,CN,CHN,Hainan,八所,海南
Baxiangshan,23.7642,115.9696,China,CN,CHN,Guangdong,八乡山,广东
Bayan,36.1064,102.2547,China,CN,CHN,Qinghai,巴燕,青海
Bayan Hot,38.8556,105.7001,China,CN,CHN,Inner Mongolia,巴彦浩特,内蒙古
Bayi,29.6664,94.3628,China,CN,CHN,Tibet,八一,西藏
Bazhajiemicun,38.8944,77.6367,China,CN,CHN,Xinjiang,巴扎结米村,新疆
Bazhou,31.868,106.748,China,CN,CHN,Sichuan,巴州,四川
Bazhou,39.1333,116.3833,China,CN,CHN,Hebei,巴州,河北
Bazhou,36.2137,102.7618,China,CN,CHN,Qinghai,巴州,青海
Beian,48.25,126.5167,China,CN,CHN,Heilongjiang,北安,黑龙江
Beichengqu,40.437,113.11,China,CN,CHN,Inner Mongolia,北城区,内蒙古
Beidao,34.602,105.918,China,CN,CHN,Gansu,北道,甘肃
Beifan,31.3881,113.5269,China,CN,CHN,Hubei,北凡,湖北
Beigangwa,39.84,116.2033,China,CN,CHN,Beijing,北港洼,北京
Beihai,21.481,109.12,China,CN,CHN,Guangxi,北海,广西
Beihu,38.1559,114.809,China,CN,CHN,Hebei,北湖,河北
Beijing,39.9067,116.3975,China,CN,CHN,Beijing,北京,北京
Beining,41.6,121.8,China,CN,CHN,Liaoning,北宁,辽宁
Beipiao,41.801,120.771,China,CN,CHN,Liaoning,北票,辽宁
Beiwusidui,40.0692,116.8228,China,CN,CHN,Hebei,北五四堆,河北
Beixingzhuang,35.7054,111.1176,China,CN,CHN,Shanxi,北兴庄,山西
Beiya,36.4393,104.394,China,CN,CHN,Gansu,北崖,甘肃
Beizhou,29.1636,112.6811,China,CN,CHN,Hunan,北洲,湖南
Beizhuang,39.9686,119.5515,China,CN,CHN,Hebei,北庄,河北
Benbutucun,42.0253,86.7034,China,CN,CHN,Xinjiang,本布图村,新疆
Bengbu,32.917,117.389,China,CN,CHN,Anhui,蚌埠,安徽
Benhao,18.615,109.931,China,CN,CHN,Hainan,本号,海南
Benxi,41.3039,123.7649,China,CN,CHN,Liaoning,本溪,辽宁
Biandanshan,26.0409,105.6351,China,CN,CHN,Guizhou,边单山,贵州
Bianyang,25.6194,106.535,China,CN,CHN,Guizhou,边阳,贵州
Bifeng,30.1067,103.0133,China,CN,CHN,Sichuan,碧峰,四川
Bijiao,22.9253,113.2067,China,CN,CHN,Guangdong,碧角,广东
Bijie,27.284,105.292,China,CN,CHN,Guizhou,毕节,贵州
Bikou,32.7489,105.2408,China,CN,CHN,Gansu,碧口,甘肃
Bingmei,25.7408,108.9023,China,CN,CHN,Guizhou,丙妹,贵州
Binxian,35.0542,108.0814,China,CN,CHN,Shaanxi,彬县,陕西
Binzhou,37.383,117.971,China,CN,CHN,Shandong,滨州,山东
Bo'ao,19.1606,110.5808,China,CN,CHN,Hainan,博鳌,海南
Bole,44.8539,82.0514,China,CN,CHN,Xinjiang,博乐,新疆
Boli,45.7564,130.5759,China,CN,CHN,Heilongjiang,勃利,黑龙江
Botou,38.0833,116.5833,China,CN,CHN,Hebei,泊头,河北
Bozhou,33.8463,115.7786,China,CN,CHN,Anhui,亳州,安徽
Bugugoucun,41.6904,117.4483,China,CN,CHN,Hebei,卜古沟村,河北
Bujie,28.0269,105.0517,China,CN,CHN,Yunnan,布街,云南
Bulicun,24.3657,116.2726,China,CN,CHN,Guangdong,布里村,广东
Caiguantun,26.3363,105.9841,China,CN,CHN,Guizhou,菜关屯,贵州
Cangxi,27.6481,111.1458,China,CN,CHN,Hunan,苍溪,湖南
Cangzhou,38.3047,116.8387,China,CN,CHN,Hebei,沧州,河北
Caojia,27.8197,111.3364,China,CN,CHN,Hunan,曹家,湖南
Caojiachuan,34.9,111.5,China,CN,CHN,Shanxi,曹家川,山西
Caotan,36.2703,105.2033,China,CN,CHN,Gansu,草滩,甘肃
Caowotan,37.3044,104.172,China,CN,CHN,Gansu,草窝滩,甘肃
Cencheng,22.9167,111.0,China,CN,CHN,Guangxi,岑城,广西
Chahe,27.1694,105.3792,China,CN,CHN,Guizhou,岔河,贵州
Chaigoubu,37.7868,114.6107,China,CN,CHN,Hebei,柴沟堡,河北
Chaiwu,39.6556,116.6292,China,CN,CHN,Beijing,柴务,北京
Chang'an,29.4768,113.4504,China,CN,CHN,Hunan,长安,湖南
Changbang,30.4555,120.4433,China,CN,CHN,Zhejiang,长浜,浙江
Changchong,26.3404,107.1866,China,CN,CHN,Guizhou,长冲,贵州
Changchun,43.897,125.326,China,CN,CHN,Jilin,长春,吉林
Changchunpu,27.2388,105.185,China,CN,CHN,Guizhou,长春堡,贵州
Changde,29.031,111.699,China,CN,CHN,Hunan,常德,湖南
Changji,26.9631,108.7331,China,CN,CHN,Guizhou,昌吉,贵州
Changling,44.27,123.99,China,CN,CHN,Jilin,长岭,吉林
Changping,40.2248,116.1944,China,CN,CHN,Beijing,昌平,北京
Changsha,28.228,112.939,China,CN,CHN,Hunan,长沙,湖南
Changsha,22.3773,112.6982,China,CN,CHN,Guangdong,长沙,广东
Changshu,31.656,120.753,China,CN,CHN,Jiangsu,常熟,江苏
Changting,25.867,116.3167,China,CN,CHN,Fujian,长汀,福建
Changtoushang,19.3619,110.543,China,CN,CHN,Hainan,长头上,海南
Changzhi,36.195,113.117,China,CN,CHN,Shanxi,长治,山西
Changzhou,31.811,119.974,China,CN,CHN,Jiangsu,常州,江苏
Chankou,35.7122,104.5219,China,CN,CHN,Gansu,阐口,甘肃
Chaodongcun,25.0183,111.1683,China,CN,CHN,Guangxi,朝东村,广西
Chaohucun,31.6244,117.8902,China,CN,CHN,Anhui,巢湖村,安徽
Chaona,35.1,107.2167,China,CN,CHN,Gansu,朝那,甘肃
Chaoshan,23.0768,113.8696,China,CN,CHN,Guangdong,潮汕,广东
Chaoyang,41.571,120.453,China,CN,CHN,Liaoning,朝阳,辽宁
Chaoyangdicun,42.0221,118.2178,China,CN,CHN,Hebei,朝阳地村,河北
Chaozhou,23.658,116.622,China,CN,CHN,Guangdong,潮州,广东
Chedaopo,36.4008,106.7351,China,CN,CHN,Gansu,车道坡,甘肃
Chengbin,19.9969,110.3375,China,CN,CHN,Hainan,城宾,海南
Chengde,40.9604,117.93,China,CN,CHN,Hebei,承德,河北
Chengdu,30.66,104.0633,China,CN,CHN,Sichuan,成都,四川
Chengguan,35.4623,113.8054,China,CN,CHN,Henan,城关,河南
Chengjiao,35.3984,114.0649,China,CN,CHN,Henan,城郊,河南
Chengjiao Chengguanzhen,34.4362,104.0306,China,CN,CHN,Gansu,城郊城关镇,甘肃
Chengtangcun,35.0833,117.15,China,CN,CHN,Shandong,成唐村,山东
Chengxiang,31.564,121.174,China,CN,CHN,Jiangsu,城厢,江苏
Chenlu,35.0286,109.1547,China,CN,CHN,Shaanxi,陈炉,陕西
Chenzhou,25.77,113.016,China,CN,CHN,Hunan,郴州,湖南
Chifeng,42.255,118.8825,China,CN,CHN,Inner Mongolia,赤峰,内蒙古
Chinggil,46.6673,90.3786,China,CN,CHN,Xinjiang,青河,新疆
Chini,23.3901,113.0736,China,CN,CHN,Guangdong,赤泥,广东
Chishui,28.5904,105.6975,China,CN,CHN,Guizhou,赤水,贵州
Chizhou,30.6654,117.4916,China,CN,CHN,Anhui,池州,安徽
Chongqing,29.5637,106.5504,China,CN,CHN,Chongqing,重庆,重庆
Chongshan,18.7751,109.5169,China,CN,CHN,Hainan,崇山,海南
Chongzuo,22.377,107.365,China,CN,CHN,Guangxi,崇左,广西
Chuangjian,29.1558,112.2456,China,CN,CHN,Hunan,创建,湖南
Chuanliaocun,28.2582,120.2118,China,CN,CHN,Zhejiang,川聊村,浙江
Chuimatan,35.7166,102.8771,China,CN,CHN,Gansu,垂马滩,甘肃
Chumpak,41.8585,84.137,China,CN,CHN,Xinjiang,春巴克,新疆
Chuqung,33.3667,97.1333,China,CN,CHN,Qinghai,曲琼,青海
Chuxiong,25.033,101.5459,China,CN,CHN,Yunnan,楚雄,云南
Chuzhou,32.256,118.333,China,CN,CHN,Anhui,滁州,安徽
Cili,29.4225,111.1219,China,CN,CHN,Hunan,慈利,湖南
Ciying,25.3607,103.91,China,CN,CHN,Yunnan,磁英,云南
Cuihua,27.7377,103.8574,China,CN,CHN,Yunnan,翠华,云南
Cuihuangkou,39.5322,117.1917,China,CN,CHN,Tianjin,崔黄口,天津
Cuizhuangzi,38.3237,116.446,China,CN,CHN,Hebei,崔庄子,河北
Da'an,45.5,124.2833,China,CN,CHN,Jilin,大安,吉林
Dabaozi,26.7006,109.4634,China,CN,CHN,Hunan,大堡子,湖南
Dabutou,36.0667,112.8667,China,CN,CHN,Shanxi,大埠头,山西
Dachen,38.2456,115.0218,China,CN,CHN,Hebei,大陈,河北
Dachengzicun,40.3919,117.1028,China,CN,CHN,Beijing,大城子村,北京
Dacun,34.7201,109.0549,China,CN,CHN,Shaanxi,大村,陕西
Dadukou,26.5824,101.7184,China,CN,CHN,Sichuan,大渡口,四川
Daheba,28.0258,106.4133,China,CN,CHN,Guizhou,大河坝,贵州
Dahecun,32.8956,108.7584,China,CN,CHN,Shaanxi,大河村,陕西
Dahuaishu,36.2601,111.6743,China,CN,CHN,Shanxi,大槐树,山西
Dahutang,28.0694,112.5442,China,CN,CHN,Hunan,大胡塘,湖南
Daijiazhuang,38.1344,114.3906,China,CN,CHN,Hebei,戴家庄,河北
Daiyue,39.5284,112.8056,China,CN,CHN,Shanxi,岱岳,山西
Dajianchang,39.4772,117.0842,China,CN,CHN,Tianjin,大箭厂,天津
Dajiecun,36.296,115.2057,China,CN,CHN,Hebei,大街村,河北
Dalachi,36.6383,105.0122,China,CN,CHN,Gansu,达拉齐,甘肃
Dalain Hob,41.9645,101.0667,China,CN,CHN,Inner Mongolia,达来呼布,内蒙古
Dalanping,28.0189,110.0025,China,CN,CHN,Hunan,大兰坪,湖南
Dali,25.6811,100.3003,China,CN,CHN,Yunnan,大理,云南
Dali,34.7953,109.9378,China,CN,CHN,Shaanxi,大理,陕西
Dalian,38.9,121.6,China,CN,CHN,Liaoning,大连,辽宁
Dalupo,19.4245,110.5387,China,CN,CHN,Hainan,大路坡,海南
Dama,30.5009,120.3413,China,CN,CHN,Zhejiang,大马,浙江
Damaishan,24.5006,112.2754,China,CN,CHN,Guangdong,大麦山,广东
Dandong,40.1167,124.3833,China,CN,CHN,Liaoning,丹东,辽宁
Dangcheng,39.5034,94.8879,China,CN,CHN,Gansu,当城,甘肃
Dangchengwan,39.5161,94.8728,China,CN,CHN,Gansu,当城湾,甘肃
Dangyang,30.821,111.789,China,CN,CHN,Hubei,当阳,湖北
Danihe,39.8707,119.33,China,CN,CHN,Hebei,大尼河,河北
Danjiangkou,32.5401,111.5131,China,CN,CHN,Hubei,丹江口,湖北
Danyang,32.0,119.586,China,CN,CHN,Jiangsu,丹阳,江苏
Danzao,23.0427,112.9145,China,CN,CHN,Guangdong,丹灶,广东
Daping,24.6501,112.1693,China,CN,CHN,Guangdong,大坪,广东
Daqiao,30.745,120.8564,China,CN,CHN,Zhejiang,大桥,浙江
Daqing,46.589,125.104,China,CN,CHN,Heilongjiang,大庆,黑龙江
Dashao,39.5517,115.8206,China,CN,CHN,Hebei,大哨,河北
Dashiqiao,40.6167,122.5167,China,CN,CHN,Liaoning,大石桥,辽宁
Dashouping,23.6425,111.6978,China,CN,CHN,Guangdong,大寿坪,广东
Dasungezhuang,40.0839,116.9219,China,CN,CHN,Beijing,大孙各庄,北京
Datang,22.9406,113.9436,China,CN,CHN,Guangdong,大塘,广东
Datang,26.3297,108.0639,China,CN,CHN,Guizhou,大塘,贵州
Daxiang,22.3775,112.8008,China,CN,CHN,Guangdong,大祥,广东
Daxin,26.621,107.2398,China,CN,CHN,Guizhou,大新,贵州
Daxincun,38.4428,106.3111,China,CN,CHN,Ningxia,大新村,宁夏
Daxing,22.9968,102.395,China,CN,CHN,Yunnan,大兴,云南
Dayan,26.8552,100.2259,China,CN,CHN,Yunnan,大研,云南
Daye,30.0961,114.9804,China,CN,CHN,Hubei,大冶,湖北
Dayong,22.4653,113.3004,China,CN,CHN,Guangdong,大庸,广东
Dazhangzi,40.7463,118.1318,China,CN,CHN,Hebei,大张子,河北
Dazhangzicun,40.6239,118.1081,China,CN,CHN,Hebei,大张子村,河北
Dazhou,31.2093,107.4678,China,CN,CHN,Sichuan,达州,四川
Dazhuangzi,40.2321,99.0558,China,CN,CHN,Gansu,大庄子,甘肃
Dehui,44.535,125.703,China,CN,CHN,Jilin,德惠,吉林
Dengjiazhuang,37.7051,115.7883,China,CN,CHN,Hebei,邓家庄,河北
Dengka,34.0587,103.2074,China,CN,CHN,Gansu,登卡,甘肃
Dengshangcun,41.3442,118.1676,China,CN,CHN,Hebei,邓上村,河北
Dengtacun,41.4333,123.3333,China,CN,CHN,Liaoning,邓塔村,辽宁
Dengtangcun,23.6821,116.5259,China,CN,CHN,Guangdong,邓塘村,广东
Dexing,28.9306,117.5947,China,CN,CHN,Jiangxi,德兴,江西
Deyang,31.127,104.398,China,CN,CHN,Sichuan,德阳,四川
Dezhou,37.436,116.359,China,CN,CHN,Shandong,德州,山东
Dianbu,31.8883,117.4608,China,CN,CHN,Anhui,淀埠,安徽
Dianga,34.0636,103.2136,China,CN,CHN,Gansu,垫江,甘肃
Diao'ecun,40.7,115.9,China,CN,CHN,Hebei,吊鹅村,河北
Diaobingshancun,42.4667,123.5667,China,CN,CHN,Liaoning,刁冰山村,辽宁
Digar,42.685,89.7711,China,CN,CHN,Xinjiang,迪嘎,新疆
Diguapo,25.6988,104.9614,China,CN,CHN,Guizhou,地瓜坡,贵州
Dijiasuoxiang,35.6871,105.2571,China,CN,CHN,Gansu,堤家锁乡,甘肃
Dingcheng,19.6803,110.3681,China,CN,CHN,Hainan,定城,海南
Dingjiagouxiang,35.5307,105.0207,China,CN,CHN,Gansu,丁家沟乡,甘肃
Dingxi,35.608,104.592,China,CN,CHN,Gansu,定西,甘肃
Dingyuan,35.9624,104.0028,China,CN,CHN,Gansu,定远,甘肃
Dingzhou,38.516,114.99,China,CN,CHN,Hebei,定州,河北
Dongcha,34.38,106.6623,China,CN,CHN,Gansu,东岔,甘肃
Dongchuan,25.4765,101.2847,China,CN,CHN,Yunnan,东川,云南
Dongcun,38.28,111.6751,China,CN,CHN,Shanxi,东村,山西
Dongfeng,22.6904,113.246,China,CN,CHN,Guangdong,东风,广东
Dongfeng,22.2479,112.3794,China,CN,CHN,Guangdong,东风,广东
Donggangli,39.9733,119.6406,China,CN,CHN,Hebei,东岗李,河北
Donggou,35.56,112.7028,China,CN,CHN,Shanxi,东沟,山西
Donggou,19.5911,110.9239,China,CN,CHN,Hainan,东沟,海南
Dongguan,23.021,113.752,China,CN,CHN,Guangdong,东莞,广东
Dongguan,39.0173,111.1267,China,CN,CHN,Shanxi,东莞,山西
Dongguazhen,25.0911,101.5075,China,CN,CHN,Yunnan,东瓜镇,云南
Donghua,35.2167,106.6,China,CN,CHN,Gansu,东华,甘肃
Dongjiangshui,33.3787,104.9516,China,CN,CHN,Gansu,东江水,甘肃
Dongluocun,22.3994,107.685,China,CN,CHN,Guangxi,东洛村,广西
Dongnanyanfa,39.63,116.4083,China,CN,CHN,Beijing,东南盐发,北京
Dongning,44.1167,130.8167,China,CN,CHN,Heilongjiang,东宁,黑龙江
Dongping,28.3817,111.2194,China,CN,CHN,Hunan,东平,湖南
Dongshan,22.0597,112.8319,China,CN,CHN,Guangdong,东山,广东
Dongsheng,22.8847,113.455,China,CN,CHN,Guangdong,东胜,广东
Dongsheng,22.4889,113.2069,China,CN,CHN,Guangdong,东胜,广东
Dongsheng,22.6228,113.2917,China,CN,CHN,Guangdong,东胜,广东
Dongsheng,29.7139,112.53,China,CN,CHN,Hubei,东胜,湖北
Dongsheng,36.9996,105.0029,China,CN,CHN,Gansu,东胜,甘肃
Dongsu,38.0153,115.1461,China,CN,CHN,Hebei,东苏,河北
Dongta,38.0824,106.339,China,CN,CHN,Ningxia,东塔,宁夏
Dongtai,32.795,120.519,China,CN,CHN,Jiangsu,东台,江苏
Dongxiaozhai,40.1672,118.0699,China,CN,CHN,Hebei,东小寨,河北
Dongxing,21.5478,107.9717,China,CN,CHN,Guangxi,东兴,广西
Dongxishan,27.7056,111.8561,China,CN,CHN,Hunan,东西山,湖南
Dongyang,29.2667,120.2167,China,CN,CHN,Zhejiang,东阳,浙江
Dongyangshi,28.2133,113.3997,China,CN,CHN,Hunan,东阳市,湖南
Dongyuancun,28.319,120.2321,China,CN,CHN,Zhejiang,东源村,浙江
Dongyuya,29.5619,111.035,China,CN,CHN,Hunan,东峪崖,湖南
Dongzhang,37.935,115.0839,China,CN,CHN,Hebei,东张,河北
Doudian,39.6503,116.0617,China,CN,CHN,Beijing,窦店,北京
Doujing,26.4789,105.1253,China,CN,CHN,Guizhou,陡井,贵州
Douzhangzhuang,39.3986,116.9417,China,CN,CHN,Tianjin,豆章庄,天津
Duanshan,25.7943,106.6983,China,CN,CHN,Guizhou,端山,贵州
Duanzhuang,36.5796,111.7577,China,CN,CHN,Shanxi,段庄,山西
Ducheng,23.2445,111.5342,China,CN,CHN,Guangdong,都城,广东
Duijiang,27.0782,105.5256,China,CN,CHN,Guizhou,对江,贵州
Dujiashigou,37.7667,110.0667,China,CN,CHN,Shaanxi,杜家石沟,陕西
Dunhua,43.3667,128.2333,China,CN,CHN,Jilin,敦化,吉林
Dunhuang,40.1411,94.6639,China,CN,CHN,Gansu,敦煌,甘肃
Duyun,26.2594,107.5186,China,CN,CHN,Guizhou,都匀,贵州
Duzhuang,39.9867,119.5409,China,CN,CHN,Hebei,杜庄,河北
E'erguna,50.243,120.181,China,CN,CHN,Inner Mongolia,额尔古纳,内蒙古
Elixku,38.7092,77.3706,China,CN,CHN,Xinjiang,额里徐,新疆
Encheng,22.1833,112.3,China,CN,CHN,Guangdong,恩城,广东
Erbaocun,42.9581,93.1153,China,CN,CHN,Xinjiang,二堡村,新疆
Erjie,24.7285,102.372,China,CN,CHN,Yunnan,二街,云南
Ezhou,30.3914,114.8949,China,CN,CHN,Hubei,鄂州,湖北
Fancheng,39.1891,113.2729,China,CN,CHN,Shanxi,樊城,山西
Fangchenggang,21.6867,108.3547,China,CN,CHN,Guangxi,防城港,广西
Fangshan,38.0433,114.0425,China,CN,CHN,Hebei,房山,河北
Fangting,31.127,104.167,China,CN,CHN,Sichuan,方亭,四川
Fanyang,31.1006,118.1876,China,CN,CHN,Anhui,范阳,安徽
Fanzhao,26.6615,108.3834,China,CN,CHN,Guizhou,范赵,贵州
Feicheng,36.1861,116.7719,China,CN,CHN,Shandong,肥城,山东
Fengang,30.891,121.013,China,CN,CHN,Zhejiang,分岗,浙江
Fengcheng,40.45,124.0667,China,CN,CHN,Liaoning,凤城,辽宁
Fengcheng,37.4328,112.0233,China,CN,CHN,Shanxi,凤城,山西
Fengdeng,38.5514,106.2464,China,CN,CHN,Ningxia,凤登,宁夏
Fenggang,23.6283,116.5718,China,CN,CHN,Guangdong,凤岗,广东
Fenggeling,34.5312,106.4437,China,CN,CHN,Shaanxi,凤阁岭,陕西
Fengguangcun,23.9062,116.6984,China,CN,CHN,Guangdong,冯光村,广东
Fengjia,27.7969,110.8603,China,CN,CHN,Hunan,冯家,湖南
Fenglu,24.6506,102.935,China,CN,CHN,Yunnan,凤路,云南
Fengning,41.2108,116.6404,China,CN,CHN,Hebei,丰宁,河北
Fengrenxu,24.1364,115.2836,China,CN,CHN,Guangdong,凤仁须,广东
Fengruncun,34.7714,109.7123,China,CN,CHN,Shaanxi,丰润村,陕西
Fengyicun,23.6636,116.6028,China,CN,CHN,Guangdong,凤仪村,广东
Fenyang,37.2616,111.7699,China,CN,CHN,Shanxi,汾阳,山西
Foshan,23.0214,113.1216,China,CN,CHN,Guangdong,佛山,广东
Fu'an,27.1,119.6333,China,CN,CHN,Fujian,福安,福建
Fucheng,35.3725,103.7056,China,CN,CHN,Gansu,富城,甘肃
Fuding,27.2,120.2,China,CN,CHN,Fujian,福鼎,福建
Fugangcun,23.5873,116.5957,China,CN,CHN,Guangdong,富岗村,广东
Fugu,39.0259,111.0683,China,CN,CHN,Shaanxi,府谷,陕西
Fujin,47.25,132.0333,China,CN,CHN,Heilongjiang,富锦,黑龙江
Fukang,44.1646,87.9536,China,CN,CHN,Xinjiang,阜康,新疆
Fulin,29.35,102.7167,China,CN,CHN,Sichuan,福林,四川
Funing,39.8879,119.2314,China,CN,CHN,Hebei,富宁,河北
Fuqing,25.7167,119.3833,China,CN,CHN,Fujian,福清,福建
Fuquan,26.6863,107.5204,China,CN,CHN,Guizhou,福泉,贵州
Fushun,41.881,123.957,China,CN,CHN,Liaoning,抚顺,辽宁
Fusui,22.6325,107.9047,China,CN,CHN,Guangxi,扶绥,广西
Fuxin,42.022,121.67,China,CN,CHN,Liaoning,阜新,辽宁
Fuyang,32.89,115.814,China,CN,CHN,Anhui,阜阳,安徽
Fuyang,30.0553,119.95,China,CN,CHN,Zhejiang,阜阳,浙江
Fuying,41.0302,117.7205,China,CN,CHN,Hebei,富营,河北
Fuyingzicun,40.8754,117.6978,China,CN,CHN,Hebei,富营子村,河北
Fuyuan,48.3647,134.3079,China,CN,CHN,Heilongjiang,富源,黑龙江
Fuzhou,26.0743,119.2964,China,CN,CHN,Fujian,福州,福建
Fuzhou,27.949,116.358,China,CN,CHN,Jiangxi,福州,江西
Gabasumdo,35.2481,100.5903,China,CN,CHN,Qinghai,噶巴松多,青海
Gaizhou,40.4,122.35,China,CN,CHN,Liaoning,盖州,辽宁
Gandujie,35.8908,102.3272,China,CN,CHN,Qinghai,甘杜街,青海
Gangshangcun,38.0469,114.6904,China,CN,CHN,Hebei,岗上村,河北
Gangwuzhen,25.9667,105.3333,China,CN,CHN,Guizhou,钢屋镇,贵州
Ganjing,35.3338,110.0955,China,CN,CHN,Shaanxi,干井,陕西
Gannan,47.9117,123.4978,China,CN,CHN,Heilongjiang,甘南,黑龙江
Ganxi,27.1274,109.1755,China,CN,CHN,Hunan,赣西,湖南
Ganzhou,25.831,114.933,China,CN,CHN,Jiangxi,赣州,江西
Ganzhu,26.9483,116.3714,China,CN,CHN,Jiangxi,甘竹,江西
Gaobeidian,39.327,115.874,China,CN,CHN,Hebei,高碑店,河北
Gaocheng,30.0167,100.2667,China,CN,CHN,Sichuan,藁城,四川
Gaocun,39.6197,116.8861,China,CN,CHN,Tianjin,高村,天津
Gaohucun,28.3367,120.2178,China,CN,CHN,Zhejiang,高湖村,浙江
Gaojiayingcun,40.8814,114.9662,China,CN,CHN,Hebei,高家营村,河北
Gaolingcun,40.6003,117.1072,China,CN,CHN,Beijing,高岭村,北京
Gaoliying Ercun,40.1578,116.4933,China,CN,CHN,Beijing,高丽营二村,北京
Gaomi,36.3833,119.75,China,CN,CHN,Shandong,高密,山东
Gaoniang,26.8425,109.1789,China,CN,CHN,Guizhou,高娘,贵州
Gaoping,30.7824,106.1281,China,CN,CHN,Sichuan,高平,四川
Gaoping,35.798,112.924,China,CN,CHN,Shanxi,高平,山西
Gaotan,32.4078,108.3225,China,CN,CHN,Shaanxi,高滩,陕西
Gaoya,36.5049,104.992,China,CN,CHN,Gansu,高崖,甘肃
Gaoyi,37.6069,114.6088,China,CN,CHN,Hebei,高邑,河北
Gaoyou,32.845,119.508,China,CN,CHN,Jiangsu,高邮,江苏
Gaozhou,21.9244,110.8422,China,CN,CHN,Guangdong,高州,广东
Gar,32.1166,80.0583,China,CN,CHN,Tibet,噶尔,西藏
Geliping,26.5986,101.5483,China,CN,CHN,Sichuan,葛李坪,四川
Gengqing,31.8081,98.5786,China,CN,CHN,Sichuan,耿青,四川
Gengzhuangqiaocun,37.4453,114.9804,China,CN,CHN,Hebei,耿庄桥村,河北
Genhe,50.7833,121.5167,China,CN,CHN,Inner Mongolia,根河,内蒙古
Gexianzhuang,37.0694,115.6591,China,CN,CHN,Hebei,葛仙庄,河北
Ghulja,43.9,81.35,China,CN,CHN,Xinjiang,伊宁,新疆
Golmud,36.4072,94.9283,China,CN,CHN,Qinghai,格尔木,青海
Gonghe,35.3333,108.0856,China,CN,CHN,Gansu,共和,甘肃
Gonglang,24.8392,100.3122,China,CN,CHN,Yunnan,公郎,云南
Gongyefu,41.8378,118.5011,China,CN,CHN,Inner Mongolia,工业府,内蒙古
Gongzhuling,43.5053,124.8224,China,CN,CHN,Jilin,公主岭,吉林
Guanduqiao,29.4792,111.2975,China,CN,CHN,Hunan,官渡桥,湖南
Guang'an,30.4564,106.6326,China,CN,CHN,Sichuan,广安,四川
Guangming,45.3333,122.7833,China,CN,CHN,Jilin,光明,吉林
Guangping,36.4778,114.9333,China,CN,CHN,Hebei,广平,河北
Guangshui,31.617,113.826,China,CN,CHN,Hubei,广水,湖北
Guangyuan,32.436,105.844,China,CN,CHN,Sichuan,广元,四川
Guangzhou,23.13,113.26,China,CN,CHN,Guangdong,广州,广东
Guankou,28.1637,113.6433,China,CN,CHN,Hunan,关口,湖南
Guankou,30.988,103.647,China,CN,CHN,Sichuan,关口,四川
Guantiankan,28.2727,106.632,China,CN,CHN,Guizhou,观天看,贵州
Guantingzhan,40.2492,115.578,China,CN,CHN,Hebei,官厅站,河北
Guanzhai,26.2697,105.3089,China,CN,CHN,Guizhou,管寨,贵州
Gucheng,34.4545,105.2064,China,CN,CHN,Gansu,古城,甘肃
Guding,26.4876,107.446,China,CN,CHN,Guizhou,古丁,贵州
Guigang,23.112,109.599,China,CN,CHN,Guangxi,贵港,广西
Guilin,25.275,110.296,China,CN,CHN,Guangxi,桂林,广西
Guiping,23.4,110.0833,China,CN,CHN,Guangxi,桂平,广西
Guixi,28.2925,117.2454,China,CN,CHN,Jiangxi,贵溪,江西
Guiyang,26.647,106.63,China,CN,CHN,Guizhou,贵阳,贵州
Gujiao,37.907,112.176,China,CN,CHN,Shanxi,古交,山西
Guli,28.9,120.0333,China,CN,CHN,Zhejiang,古里,浙江
Gulou,26.0865,119.298,China,CN,CHN,Fujian,鼓楼,福建
Guma,37.6168,78.2809,China,CN,CHN,Xinjiang,古马,新疆
Guotang,23.8384,115.9201,China,CN,CHN,Guangdong,郭堂,广东
Guozhen,34.3609,107.1751,China,CN,CHN,Shaanxi,郭镇,陕西
Gusang,28.2864,113.7424,China,CN,CHN,Hunan,古桑,湖南
Gutao,37.2,112.15,China,CN,CHN,Shanxi,古桃,山西
Guying,38.0887,114.556,China,CN,CHN,Hebei,古营,河北
Guyuan,36.01,106.257,China,CN,CHN,Ningxia,固原,宁夏
Guzhou,25.9278,108.5186,China,CN,CHN,Guizhou,古州,贵州
Gyangze,28.9148,89.6045,China,CN,CHN,Tibet,江孜,西藏
Gyegu,33.0166,96.7333,China,CN,CHN,Qinghai,玉树,青海
Gyumai,33.756,99.65,China,CN,CHN,Qinghai,曲迈,青海
Hai'an,32.535,120.563,China,CN,CHN,Jiangsu,海安,江苏
Haicheng,40.8824,122.6852,China,CN,CHN,Liaoning,海城,辽宁
Haicheng,22.9658,115.3187,China,CN,CHN,Guangdong,海城,广东
Haigangli,39.9534,119.5431,China,CN,CHN,Hebei,海港里,河北
Haikou,20.0186,110.3488,China,CN,CHN,Hainan,海口,海南
Haikoucun,28.3237,120.0853,China,CN,CHN,Zhejiang,海口村,浙江
Hailin,44.594,129.38,China,CN,CHN,Heilongjiang,海林,黑龙江
Hailun,47.4667,126.9667,China,CN,CHN,Heilongjiang,海伦,黑龙江
Haiwei,19.4261,108.8145,China,CN,CHN,Hainan,海威,海南
Hala,26.8167,103.9833,China,CN,CHN,Guizhou,哈拉,贵州
Hancha,37.8822,109.4947,China,CN,CHN,Shaanxi,汉查,陕西
Hancheng,35.4667,110.4333,China,CN,CHN,Shaanxi,韩城,陕西
Hanchuan,30.6667,113.8333,China,CN,CHN,Hubei,汉川,湖北
Handan,36.601,114.487,China,CN,CHN,Hebei,邯郸,河北
Hanerik,39.2627,76.419,China,CN,CHN,Xinjiang,哈讷日克,新疆
Hangu,39.232,117.777,China,CN,CHN,Tianjin,汉沽,天津
Hangzhou,30.267,120.153,China,CN,CHN,Zhejiang,杭州,浙江
Hanmayingcun,41.2636,117.8596,China,CN,CHN,Hebei,汉马营村,河北
Hanzhong,33.0664,107.0232,China,CN,CHN,Shaanxi,汉中,陕西
Haomen,37.3619,101.5871,China,CN,CHN,Qinghai,壕门,青海
Haoping,32.5933,108.6117,China,CN,CHN,Shaanxi,濠坪,陕西
Harbin,45.7576,126.6409,China,CN,CHN,Heilongjiang,哈尔滨,黑龙江
Hebi,35.748,114.297,China,CN,CHN,Henan,鹤壁,河南
Hechi,24.693,108.085,China,CN,CHN,Guangxi,河池,广西
Hedongcun,37.7544,102.7906,China,CN,CHN,Gansu,河东村,甘肃
Hefei,31.8206,117.2273,China,CN,CHN,Anhui,合肥,安徽
Hegang,47.3501,130.298,China,CN,CHN,Heilongjiang,鹤岗,黑龙江
Heishanzuicun,41.0354,116.9304,China,CN,CHN,Hebei,黑山嘴村,河北
Heishuikeng,37.7905,110.5711,China,CN,CHN,Shaanxi,黑水坑,陕西
Hejiaji,37.3569,109.8514,China,CN,CHN,Shaanxi,何家集,陕西
Hejian,38.4466,116.0995,China,CN,CHN,Hebei,河间,河北
Hejin,35.596,110.712,China,CN,CHN,Shanxi,河津,山西
Hekou,22.5385,104.0111,China,CN,CHN,Yunnan,河口,云南
Hele,18.9058,110.4737,China,CN,CHN,Hainan,和乐,海南
Helixi,30.6267,118.9861,China,CN,CHN,Anhui,河李溪,安徽
Helong,42.5436,129.0028,China,CN,CHN,Jilin,和龙,吉林
Hengbei,23.8787,115.7309,China,CN,CHN,Guangdong,横北,广东
Hengkou,32.7378,108.7695,China,CN,CHN,Shaanxi,横口,陕西
Hengnan,22.5348,113.2491,China,CN,CHN,Guangdong,衡南,广东
Hengshui,37.739,115.669,China,CN,CHN,Hebei,衡水,河北
Hengshuicun,22.3611,111.4199,China,CN,CHN,Guangdong,衡水村,广东
Hengyang,26.894,112.572,China,CN,CHN,Hunan,衡阳,湖南
Hengzhou,22.6799,109.2614,China,CN,CHN,Guangxi,横州,广西
Heshan,22.7667,112.95,China,CN,CHN,Guangdong,鹤山,广东
Heshan,23.8,108.8833,China,CN,CHN,Guangxi,鹤山,广西
Heshancun,30.6455,120.3483,China,CN,CHN,Zhejiang,鹤山村,浙江
Hexiang,19.5286,109.6353,China,CN,CHN,Hainan,河乡,海南
Hexiwu,39.6225,116.9539,China,CN,CHN,Tianjin,和西坞,天津
Heyin,36.0451,101.4242,China,CN,CHN,Qinghai,河阴,青海
Heyuan,23.7443,114.7002,China,CN,CHN,Guangdong,河源,广东
Heyunkeng,23.9533,112.9808,China,CN,CHN,Guangdong,河云坑,广东
Heze,35.2343,115.4796,China,CN,CHN,Shandong,菏泽,山东
Hezhou,24.4042,111.5672,China,CN,CHN,Guangxi,贺州,广西
Hezuo,35.0002,102.9103,China,CN,CHN,Gansu,合作,甘肃
Hoh Ereg,41.0955,111.4408,China,CN,CHN,Inner Mongolia,霍尔格,内蒙古
Hohhot,40.842,111.749,China,CN,CHN,Inner Mongolia,呼和浩特,内蒙古
Hong'an,47.21,123.61,China,CN,CHN,Heilongjiang,红安,黑龙江
Hongfengcun,21.9231,111.9329,China,CN,CHN,Guangdong,红峰村,广东
Honggu,36.293,102.9575,China,CN,CHN,Gansu,红古,甘肃
Hongjiang,27.191,109.819,China,CN,CHN,Hunan,洪江,湖南
Hongliuwan,39.6348,94.3386,China,CN,CHN,Gansu,红柳湾,甘肃
Hongshandian,27.5736,112.0158,China,CN,CHN,Hunan,红山店,湖南
Hongshui,38.4246,100.7926,China,CN,CHN,Gansu,洪水,甘肃
Hongsi,35.5107,105.5108,China,CN,CHN,Gansu,洪寺,甘肃
Hongtuliang,40.9986,114.155,China,CN,CHN,Hebei,红土梁,河北
Hotan,37.1167,79.9167,China,CN,CHN,Xinjiang,和田,新疆
Houbu,36.4167,112.9833,China,CN,CHN,Shanxi,后埠,山西
Hoxut,42.2552,86.8607,China,CN,CHN,Xinjiang,和硕,新疆
Huadian,42.972,126.746,China,CN,CHN,Jilin,桦甸,吉林
Huadong,23.6173,115.4856,China,CN,CHN,Guangdong,华东,广东
Huai'an,33.551,119.113,China,CN,CHN,Jiangsu,淮安,江苏
Huaibaijie,35.705,109.5828,China,CN,CHN,Shaanxi,淮白街,陕西
Huaibei,33.956,116.798,China,CN,CHN,Anhui,淮北,安徽
Huaihua,27.5698,110.0016,China,CN,CHN,Hunan,怀化,湖南
Huainan,32.6314,117.0194,China,CN,CHN,Anhui,淮南,安徽
Huaixiangcun,22.4817,111.0542,China,CN,CHN,Guangdong,淮乡村,广东
Huaiyang,37.7701,114.5312,China,CN,CHN,Hebei,淮阳,河北
Huaiyin,33.5819,119.028,China,CN,CHN,Jiangsu,淮阴,江苏
Huajiang,25.6969,105.592,China,CN,CHN,Guizhou,花江,贵州
Huajing,31.1194,121.4519,China,CN,CHN,Shanghai,花井,上海
Huanggang,30.4537,114.8724,China,CN,CHN,Hubei,黄冈,湖北
Huanghua,38.372,117.33,China,CN,CHN,Hebei,黄骅,河北
Huanghuajie,27.9945,103.552,China,CN,CHN,Yunnan,黄花街,云南
Huanghuajing,24.1989,112.9104,China,CN,CHN,Guangdong,黄花井,广东
Huangjingkeng,22.9173,113.9958,China,CN,CHN,Guangdong,黄荆坑,广东
Huanglongsi,34.795,114.345,China,CN,CHN,Henan,黄龙寺,河南
Huangshan,29.7149,118.3376,China,CN,CHN,Anhui,黄山,安徽
Huangshi,30.2011,115.039,China,CN,CHN,Hubei,黄石,湖北
Huangtong,19.835,109.8455,China,CN,CHN,Hainan,黄通,海南
Huangxicun,24.4672,115.7773,China,CN,CHN,Guangdong,黄溪村,广东
Huangyadong,36.8039,113.4446,China,CN,CHN,Shanxi,黄崖洞,山西
Huangyan,28.65,121.25,China,CN,CHN,Zhejiang,黄岩,浙江
Huangyoutang,23.5968,115.5153,China,CN,CHN,Guangdong,黄油塘,广东
Huangzhai,38.0751,112.6595,China,CN,CHN,Shanxi,黄寨,山西
Huanian,24.0664,102.1914,China,CN,CHN,Yunnan,华年,云南
Huaniu,34.5478,105.865,China,CN,CHN,Gansu,花牛,甘肃
Huanren,41.2672,125.3611,China,CN,CHN,Liaoning,桓仁,辽宁
Huasuo,35.4043,107.0869,China,CN,CHN,Gansu,华锁,甘肃
Huayin,34.5833,110.1,China,CN,CHN,Shaanxi,华阴,陕西
Huazangsi,36.9836,103.1265,China,CN,CHN,Gansu,华藏寺,甘肃
Huazhou,21.664,110.6396,China,CN,CHN,Guangdong,化州,广东
Huazhou,32.688,112.087,China,CN,CHN,Henan,化州,河南
Huchuan,34.9249,106.1409,China,CN,CHN,Gansu,胡川,甘肃
Huguan Nongchang,21.2015,110.2459,China,CN,CHN,Guangdong,胡关农场,广东
Huichang,34.9073,112.7914,China,CN,CHN,Henan,会昌,河南
Huili Chengguanzhen,26.6333,102.25,China,CN,CHN,Sichuan,会理城关镇,四川
Huilong,31.87,121.703,China,CN,CHN,Jiangsu,会龙,江苏
Huilong,30.3866,106.7756,China,CN,CHN,Sichuan,会龙,四川
Huilong,28.1887,106.2086,China,CN,CHN,Sichuan,会龙,四川
Huilongcun,32.7028,115.4742,China,CN,CHN,Anhui,会龙村,安徽
Huilongping,28.1889,106.2086,China,CN,CHN,Guizhou,会龙坪,贵州
Huinan,42.6229,126.2614,China,CN,CHN,Jilin,辉南,吉林
Huishi,35.6918,105.0531,China,CN,CHN,Gansu,会师,甘肃
Huizhou,23.112,114.416,China,CN,CHN,Guangdong,惠州,广东
Hulin,45.7667,132.9333,China,CN,CHN,Heilongjiang,虎林,黑龙江
Huludao,40.711,120.837,China,CN,CHN,Liaoning,葫芦岛,辽宁
Humayingcun,41.1145,116.8985,China,CN,CHN,Hebei,胡马营村,河北
Hunchun,42.863,130.366,China,CN,CHN,Jilin,珲春,吉林
Huodoushancun,40.7797,117.204,China,CN,CHN,Hebei,火斗山村,河北
Huolu,38.0874,114.3159,China,CN,CHN,Hebei,霍鲁,河北
Huozhou,36.569,111.7551,China,CN,CHN,Shanxi,霍州,山西
Huquan,39.7603,114.2834,China,CN,CHN,Shanxi,虎泉,山西
Hushihacun,40.8899,116.987,China,CN,CHN,Hebei,呼什哈村,河北
Huzhou,30.8925,120.0875,China,CN,CHN,Zhejiang,湖州,浙江
Jelilyuzi,43.9749,81.5328,China,CN,CHN,Xinjiang,杰里榆孜,新疆
Ji'an,27.0912,114.9668,China,CN,CHN,Jiangxi,吉安,江西
Ji'an Shi,41.1253,126.194,China,CN,CHN,Jilin,吉安市,吉林
Jiaji,19.2431,110.4642,China,CN,CHN,Hainan,嘉积,海南
Jiajin,25.6743,108.4228,China,CN,CHN,Guizhou,夹金,贵州
Jiamusi,46.8,130.319,China,CN,CHN,Heilongjiang,佳木斯,黑龙江
Jian'ou,27.0333,118.3167,China,CN,CHN,Fujian,建瓯,福建
Jiancheng,30.38,104.53,China,CN,CHN,Sichuan,建城,四川
Jiangguanchi,34.037,113.852,China,CN,CHN,Henan,江官池,河南
Jiangjiadong,24.5811,112.8994,China,CN,CHN,Guangdong,姜家冬,广东
Jiangjiehe,27.2618,107.3886,China,CN,CHN,Guizhou,蒋家河,贵州
Jiangmen,22.5789,113.0815,China,CN,CHN,Guangdong,江门,广东
Jiangna,23.6092,104.3731,China,CN,CHN,Yunnan,江那,云南
Jiangshan,28.7361,118.625,China,CN,CHN,Zhejiang,江山,浙江
Jiangshandicun,28.7412,118.6225,China,CN,CHN,Zhejiang,江山地村,浙江
Jianguang,28.1958,115.7833,China,CN,CHN,Jiangxi,建光,江西
Jiangyin,31.839,120.295,China,CN,CHN,Jiangsu,江阴,江苏
Jiannan,31.3333,104.2,China,CN,CHN,Sichuan,剑南,四川
Jianshe,34.2137,113.7629,China,CN,CHN,Henan,建设,河南
Jiantang,27.8333,99.7,China,CN,CHN,Yunnan,建塘,云南
Jiaojiangcun,28.6804,121.45,China,CN,CHN,Zhejiang,蛟江村,浙江
Jiaojiazhuang,38.2636,101.8328,China,CN,CHN,Gansu,焦家庄,甘肃
Jiaoxiling,28.219,113.4764,China,CN,CHN,Hunan,焦西岭,湖南
Jiaoxiyakou,26.1283,102.45,China,CN,CHN,Yunnan,蛟溪崖口,云南
Jiaozhou,36.2647,120.0334,China,CN,CHN,Shandong,胶州,山东
Jiaozishan,26.3342,105.9324,China,CN,CHN,Guizhou,饺子山,贵州
Jiaozuo,35.2157,113.2419,China,CN,CHN,Henan,焦作,河南
Jiashizhuangcun,37.8683,114.9478,China,CN,CHN,Hebei,贾市庄村,河北
Jiaxing,30.747,120.756,China,CN,CHN,Zhejiang,嘉兴,浙江
Jiayuguan,39.7732,98.2882,China,CN,CHN,Gansu,嘉峪关,甘肃
Jieshang,25.6989,107.6481,China,CN,CHN,Guizhou,街上,贵州
Jieshang,26.2663,104.6671,China,CN,CHN,Guizhou,街上,贵州
Jieshangya,29.505,110.7653,China,CN,CHN,Hunan,街上崖,湖南
Jieshou,33.257,115.3746,China,CN,CHN,Anhui,界首,安徽
Jiexiu,37.027,111.917,China,CN,CHN,Shanxi,介休,山西
Jieyang,23.551,116.3727,China,CN,CHN,Guangdong,揭阳,广东
Jihong,32.6972,111.7928,China,CN,CHN,Hubei,吉洪,湖北
Jilin,43.8519,126.5481,China,CN,CHN,Jilin,吉林,吉林
Jin'an,32.6394,103.5806,China,CN,CHN,Sichuan,晋安,四川
Jin'e,29.3394,105.2875,China,CN,CHN,Sichuan,金峨,四川
Jinan,36.6702,117.0207,China,CN,CHN,Shandong,济南,山东
Jinbi,25.7086,101.3368,China,CN,CHN,Yunnan,金碧,云南
Jinchang,38.5214,102.188,China,CN,CHN,Gansu,金昌,甘肃
Jinchang,38.4858,112.9643,China,CN,CHN,Shanxi,金昌,山西
Jincheng,35.491,112.852,China,CN,CHN,Shanxi,晋城,山西
Jincheng,39.5591,113.1855,China,CN,CHN,Shanxi,晋城,山西
Jingcheng,32.009,120.263,China,CN,CHN,Jiangsu,京城,江苏
Jingdezhen,29.2917,117.1986,China,CN,CHN,Jiangxi,景德镇,江西
Jinggang,23.2722,113.2183,China,CN,CHN,Guangdong,井冈,广东
Jinghai,38.9294,116.9169,China,CN,CHN,Tianjin,静海,天津
Jinghong,22.009,100.797,China,CN,CHN,Yunnan,景洪,云南
Jingjiazhuang,40.4703,116.0869,China,CN,CHN,Beijing,荆家庄,北京
Jingling,30.664,113.167,China,CN,CHN,Hubei,京岭,湖北
Jingping,39.5189,112.2837,China,CN,CHN,Shanxi,靖平,山西
Jingzhou,37.6911,116.2672,China,CN,CHN,Hebei,荆州,河北
Jinhe,22.7667,103.25,China,CN,CHN,Yunnan,金河,云南
Jinhua,29.079,119.647,China,CN,CHN,Zhejiang,金华,浙江
Jining,35.4151,116.5871,China,CN,CHN,Shandong,济宁,山东
Jining,41.03,113.08,China,CN,CHN,Inner Mongolia,济宁,内蒙古
Jinji,22.165,112.4848,China,CN,CHN,Guangdong,金鸡,广东
Jinjiang,19.7288,110.0085,China,CN,CHN,Hainan,晋江,海南
Jinjicun,22.1696,112.4812,China,CN,CHN,Guangdong,金鸡村,广东
Jinju,22.7073,111.8223,China,CN,CHN,Guangdong,金举,广东
Jinku,23.0372,112.5151,China,CN,CHN,Guangdong,金库,广东
Jinmingsi,38.0512,110.2869,China,CN,CHN,Shaanxi,金明寺,陕西
Jinsha,23.5286,116.615,China,CN,CHN,Guangdong,金沙,广东
Jinshan,25.1475,101.9764,China,CN,CHN,Yunnan,金山,云南
Jinshi,29.5,111.908,China,CN,CHN,Hunan,金市,湖南
Jinta,37.8366,102.556,China,CN,CHN,Gansu,金塔,甘肃
Jinxing,37.9869,106.2027,China,CN,CHN,Ningxia,金星,宁夏
Jinzecun,31.0397,120.9164,China,CN,CHN,Shanghai,金泽村,上海
Jinzhong,26.3504,103.4167,China,CN,CHN,Yunnan,晋中,云南
Jinzhou,41.129,121.148,China,CN,CHN,Liaoning,锦州,辽宁
Jishi,35.8461,102.4817,China,CN,CHN,Qinghai,集市,青海
Jitaicun,36.386,115.2442,China,CN,CHN,Hebei,集台村,河北
Jiuduhe,40.3594,116.4539,China,CN,CHN,Beijing,九渡河,北京
Jiujiang,29.661,115.954,China,CN,CHN,Jiangxi,九江,江西
Jiutai,44.1447,125.8443,China,CN,CHN,Jilin,九台,吉林
Jixi,45.295,130.969,China,CN,CHN,Heilongjiang,鸡西,黑龙江
Jixian,35.7321,107.9731,China,CN,CHN,Gansu,蓟县,甘肃
Jizhou,37.5455,115.5663,China,CN,CHN,Hebei,蓟州,河北
Jizhuang,40.3614,116.9858,China,CN,CHN,Beijing,季庄,北京
Julu,37.2075,115.0233,China,CN,CHN,Hebei,巨鹿,河北
Jun Bel,39.2428,106.1922,China,CN,CHN,Inner Mongolia,君别,内蒙古
Jun'an,22.7057,113.1526,China,CN,CHN,Guangdong,均安,广东
Jurh,44.6833,120.5167,China,CN,CHN,Inner Mongolia,朱日和,内蒙古
Jurong,31.946,119.164,China,CN,CHN,Jiangsu,句容,江苏
Kaifeng Chengguanzhen,34.8519,114.3481,China,CN,CHN,Henan,开封城关镇,河南
Kaihua,23.387,104.233,China,CN,CHN,Yunnan,开化,云南
Kaiwen,27.1548,99.8371,China,CN,CHN,Yunnan,开文,云南
Kaiyuan,36.0193,113.86,China,CN,CHN,Henan,开元,河南
Kaiyuan,42.546,124.038,China,CN,CHN,Liaoning,开元,辽宁
Kaiyuan,23.7111,103.2461,China,CN,CHN,Yunnan,开元,云南
Kaiyun,27.2399,112.8639,China,CN,CHN,Hunan,开运,湖南
Kaji,26.0285,102.7888,China,CN,CHN,Yunnan,卡机,云南
Kangbao,41.8511,114.6176,China,CN,CHN,Hebei,康保,河北
Kangning,38.0176,102.352,China,CN,CHN,Gansu,康宁,甘肃
Kangqiao,31.35,105.0667,China,CN,CHN,Sichuan,康桥,四川
Karakax,37.2714,79.7267,China,CN,CHN,Xinjiang,墨玉,新疆
Karamay,45.5799,84.8892,China,CN,CHN,Xinjiang,克拉玛依,新疆
Kargilik,37.885,77.4131,China,CN,CHN,Xinjiang,叶城,新疆
Kashgar,39.4681,75.9938,China,CN,CHN,Xinjiang,喀什,新疆
Kedu,25.7103,106.846,China,CN,CHN,Guizhou,克度,贵州
Keshan,48.0263,125.8659,China,CN,CHN,Heilongjiang,克山,黑龙江
Khutubi,44.1874,86.8946,China,CN,CHN,Xinjiang,呼图壁,新疆
Koktokay,47.0004,89.4666,China,CN,CHN,Xinjiang,可可托海,新疆
Kongjiazhuangcun,40.7536,114.7237,China,CN,CHN,Hebei,孔家庄村,河北
Korgas,44.2125,80.4097,China,CN,CHN,Xinjiang,霍尔果斯,新疆
Korla,41.7259,86.1746,China,CN,CHN,Xinjiang,库尔勒,新疆
Kuaidamao,41.7283,125.9397,China,CN,CHN,Jilin,快大茂,吉林
Kuiju,36.8667,119.4,China,CN,CHN,Shandong,奎屯,山东
Kuiyibagecun,38.1023,77.1539,China,CN,CHN,Xinjiang,奎依巴格村,新疆
Kumul,42.8193,93.5151,China,CN,CHN,Xinjiang,哈密,新疆
Kunming,25.0464,102.7094,China,CN,CHN,Yunnan,昆明,云南
Kuqa,41.7156,82.9322,China,CN,CHN,Xinjiang,库车,新疆
Kuytun,44.4264,84.9032,China,CN,CHN,Xinjiang,奎屯,新疆
Labuleng,35.1973,102.5187,China,CN,CHN,Gansu,拉卜楞,甘肃
Laibin,23.7501,109.2212,China,CN,CHN,Guangxi,来宾,广西
Laiwu,36.1833,117.6667,China,CN,CHN,Shandong,莱芜,山东
Laixi,36.8667,120.5333,China,CN,CHN,Shandong,莱西,山东
Laiyang,36.9758,120.7136,China,CN,CHN,Shandong,莱阳,山东
Laiyuan,39.3478,114.6808,China,CN,CHN,Hebei,涞源,河北
Lajia,34.6797,100.6406,China,CN,CHN,Qinghai,拉加,青海
Lakoucun,28.3431,119.9521,China,CN,CHN,Zhejiang,拉口村,浙江
Langdu,23.325,102.205,China,CN,CHN,Yunnan,朗度,云南
Langfang,39.5383,116.6835,China,CN,CHN,Hebei,廊坊,河北
Langrucun,36.9014,79.6261,China,CN,CHN,Xinjiang,朗如村,新疆
Langtang,27.9636,111.11,China,CN,CHN,Hunan,朗塘,湖南
Langzhong,31.558,106.005,China,CN,CHN,Sichuan,阆中,四川
Lanling,23.0033,114.5671,China,CN,CHN,Guangdong,兰陵,广东
Lanxi,29.208,119.458,China,CN,CHN,Zhejiang,兰溪,浙江
Lanxi,46.2664,126.276,China,CN,CHN,Heilongjiang,兰溪,黑龙江
Lanyi,38.7048,111.5601,China,CN,CHN,Shanxi,兰仪,山西
Lanzhou,36.0606,103.8268,China,CN,CHN,Gansu,兰州,甘肃
Laoaoba,26.8667,105.5167,China,CN,CHN,Guizhou,老坳坝,贵州
Laohekou,32.359,111.684,China,CN,CHN,Hubei,老河口,湖北
Laojiezi,26.86,103.1306,China,CN,CHN,Yunnan,老街子,云南
Lechang,35.6415,111.4633,China,CN,CHN,Shanxi,乐昌,山西
Lecheng,25.1333,113.3333,China,CN,CHN,Guangdong,乐城,广东
Leichi,36.35,110.25,China,CN,CHN,Shaanxi,雷池,陕西
Leiyang,26.4223,112.8598,China,CN,CHN,Hunan,耒阳,湖南
Leizhou,20.9143,110.0967,China,CN,CHN,Guangdong,雷州,广东
Lejiangxiang,25.9161,109.8719,China,CN,CHN,Guangxi,勒江乡,广西
Leling,37.73,117.232,China,CN,CHN,Shandong,乐陵,山东
Lengquancun,39.9431,116.0886,China,CN,CHN,Beijing,冷泉村,北京
Lengshuijiang,27.686,111.436,China,CN,CHN,Hunan,冷水江,湖南
Leping,28.978,117.152,China,CN,CHN,Jiangxi,乐平,江西
Leping,37.6147,113.665,China,CN,CHN,Shanxi,乐平,山西
Leshan,29.552,103.766,China,CN,CHN,Sichuan,乐山,四川
Leshou,38.1822,116.1108,China,CN,CHN,Hebei,乐寿,河北
Lhasa,29.6534,91.1719,China,CN,CHN,Tibet,拉萨,西藏
Liancheng,24.0519,105.075,China,CN,CHN,Yunnan,连城,云南
Liangshan,25.5903,105.805,China,CN,CHN,Guizhou,凉山,贵州
Liangshi,27.26,111.7442,China,CN,CHN,Hunan,梁史,湖南
Liangwancun,28.5034,104.2611,China,CN,CHN,Yunnan,梁湾村,云南
Liangwu,23.6012,111.8238,China,CN,CHN,Guangdong,梁吴,广东
Liangyi,35.2698,106.093,China,CN,CHN,Gansu,良仪,甘肃
Lianhe,47.1314,129.2906,China,CN,CHN,Heilongjiang,联合,黑龙江
Lianjiang,21.7333,110.2833,China,CN,CHN,Guangdong,连江,广东
Lianmuqin Kancun,42.8833,89.9333,China,CN,CHN,Xinjiang,连木沁坎村,新疆
Liannong,31.0107,121.0393,China,CN,CHN,Shanghai,联农,上海
Lianran,24.919,102.478,China,CN,CHN,Yunnan,连然,云南
Lianshan,40.7523,120.828,China,CN,CHN,Liaoning,连山,辽宁
Liantang,22.8791,111.748,China,CN,CHN,Guangdong,莲塘,广东
Liantangcun,22.9517,112.4597,China,CN,CHN,Guangdong,莲塘村,广东
Lianyuan,27.692,111.664,China,CN,CHN,Hunan,涟源,湖南
Lianzhou,24.781,112.377,China,CN,CHN,Guangdong,连州,广东
Lianzhuangcun,37.1146,115.7594,China,CN,CHN,Hebei,连庄村,河北
Liaocheng,36.4559,115.9852,China,CN,CHN,Shandong,聊城,山东
Liaojiayuan,29.3906,109.9919,China,CN,CHN,Hunan,廖家园,湖南
Liaoyang,41.279,123.176,China,CN,CHN,Liaoning,辽阳,辽宁
Liaoyuan,42.888,125.1447,China,CN,CHN,Jilin,辽源,吉林
Licheng,31.4306,119.4788,China,CN,CHN,Jiangsu,黎城,江苏
Licheng,24.5,110.4,China,CN,CHN,Guangxi,黎城,广西
Lichuan,30.291,108.9364,China,CN,CHN,Hubei,利川,湖北
Lihe,33.9312,105.2682,China,CN,CHN,Gansu,李河,甘肃
Lihuzhuang,39.621,117.819,China,CN,CHN,Hebei,李湖庄,河北
Lijiacha,37.2475,109.4103,China,CN,CHN,Shaanxi,李家岔,陕西
Lijiaxiang,39.5556,116.4292,China,CN,CHN,Beijing,李家乡,北京
Lin'an,23.6025,102.8309,China,CN,CHN,Yunnan,临安,云南
Lincang,23.884,100.089,China,CN,CHN,Yunnan,临沧,云南
Lindong,43.9681,119.3756,China,CN,CHN,Inner Mongolia,林东,内蒙古
Linfen,36.088,111.519,China,CN,CHN,Shanxi,临汾,山西
Lingbao Chengguanzhen,34.5176,110.8942,China,CN,CHN,Henan,灵宝城关镇,河南
Lingcheng,22.708,110.354,China,CN,CHN,Guangxi,陵城,广西
Linghai,41.1667,121.35,China,CN,CHN,Liaoning,凌海,辽宁
Lingquan,36.9985,110.8417,China,CN,CHN,Shanxi,灵泉,山西
Lingshou,38.3064,114.3783,China,CN,CHN,Hebei,灵寿,河北
Lingtang,23.6032,113.074,China,CN,CHN,Guangdong,灵塘,广东
Lingxi,27.5036,120.3975,China,CN,CHN,Zhejiang,灵溪,浙江
Lingyuan,41.25,119.4,China,CN,CHN,Liaoning,凌源,辽宁
Linhai,28.85,121.1167,China,CN,CHN,Zhejiang,临海,浙江
Linjiang,41.8167,126.9167,China,CN,CHN,Jilin,临江,吉林
Linkou,45.2819,130.2519,China,CN,CHN,Heilongjiang,林口,黑龙江
Linquan,37.9513,110.9877,China,CN,CHN,Shanxi,临泉,山西
Linxi,43.5171,118.0333,China,CN,CHN,Inner Mongolia,林西,内蒙古
Linxia Chengguanzhen,35.6047,103.2422,China,CN,CHN,Gansu,临夏城关镇,甘肃
Linyi,35.1038,118.3564,China,CN,CHN,Shandong,临沂,山东
Lishanpu,27.6256,112.4047,China,CN,CHN,Hunan,李山铺,湖南
Lishaocun,22.7368,111.4302,China,CN,CHN,Guangdong,李哨村,广东
Lishui,28.468,119.923,China,CN,CHN,Zhejiang,丽水,浙江
Lishuping,33.2019,104.8734,China,CN,CHN,Gansu,李树坪,甘肃
Litian Gezhuang,39.8151,119.0219,China,CN,CHN,Hebei,李天格庄,河北
Liuba,38.1833,102.1833,China,CN,CHN,Gansu,留坝,甘肃
Liuchuan,26.6549,108.5876,China,CN,CHN,Guizhou,柳川,贵州
Liugoucun,40.9471,118.2762,China,CN,CHN,Hebei,刘沟村,河北
Liuguang,26.9833,106.3833,China,CN,CHN,Guizhou,刘光,贵州
Liuguoju,38.25,110.3667,China,CN,CHN,Shaanxi,刘国炬,陕西
Liuhe,42.2669,125.7404,China,CN,CHN,Jilin,柳河,吉林
Liuhu,35.5449,106.6801,China,CN,CHN,Gansu,刘湖,甘肃
Liujiaxia,35.9423,103.3146,China,CN,CHN,Gansu,刘家峡,甘肃
Liuliang,35.2207,105.9697,China,CN,CHN,Gansu,柳梁,甘肃
Liulin,36.5478,109.4725,China,CN,CHN,Shaanxi,柳林,陕西
Liulin,34.5891,103.5081,China,CN,CHN,Gansu,柳林,甘肃
Liuma,25.6682,105.8732,China,CN,CHN,Guizhou,六马,贵州
Liuquancun,39.3635,116.3154,China,CN,CHN,Hebei,柳泉村,河北
Liushui,32.5959,108.7479,China,CN,CHN,Shaanxi,流水,陕西
Liutuancun,36.945,119.395,China,CN,CHN,Shandong,刘团村,山东
Liuzhou,24.3278,109.4278,China,CN,CHN,Guangxi,柳州,广西
Lixingcun,23.0852,116.3666,China,CN,CHN,Guangdong,李兴村,广东
Long'e,25.8072,109.2125,China,CN,CHN,Guizhou,龙额,贵州
Longba,33.3702,104.9603,China,CN,CHN,Gansu,龙坝,甘肃
Longbangcun,22.8833,106.3333,China,CN,CHN,Guangxi,龙榜村,广西
Longchang,27.6627,105.7881,China,CN,CHN,Guizhou,隆昌,贵州
Longchuan,25.1615,101.2942,China,CN,CHN,Yunnan,龙川,云南
Longhong,19.8828,110.4111,China,CN,CHN,Hainan,龙洪,海南
Longhua,41.3246,117.7344,China,CN,CHN,Hebei,龙华,河北
Longji,25.7317,110.0631,China,CN,CHN,Guangxi,龙吉,广西
Longjia,19.1487,110.3209,China,CN,CHN,Hainan,龙甲,海南
Longjia,36.0962,113.419,China,CN,CHN,Shanxi,龙甲,山西
Longjiang,27.5819,120.5489,China,CN,CHN,Zhejiang,龙江,浙江
Longjiang,22.8853,113.0758,China,CN,CHN,Guangdong,龙江,广东
Longjiang,47.3404,123.18,China,CN,CHN,Heilongjiang,龙江,黑龙江
Longjin,22.9525,113.0065,China,CN,CHN,Guangdong,龙津,广东
Longjing,42.7667,129.4333,China,CN,CHN,Jilin,龙井,吉林
Longkeng,23.9824,112.2149,China,CN,CHN,Guangdong,龙坑,广东
Longkoucun,23.5742,116.7303,China,CN,CHN,Guangdong,龙口村,广东
Longmen,35.5489,110.5153,China,CN,CHN,Shaanxi,龙门,陕西
Longquan,25.9106,114.786,China,CN,CHN,Jiangxi,龙泉,江西
Longquan,28.0667,119.1333,China,CN,CHN,Zhejiang,龙泉,浙江
Longquan,40.3703,113.7483,China,CN,CHN,Shanxi,龙泉,山西
Longshan,26.4519,106.9718,China,CN,CHN,Guizhou,龙山,贵州
Longtaixiang,34.5988,104.8963,China,CN,CHN,Gansu,龙台乡,甘肃
Longtan,40.7861,115.5786,China,CN,CHN,Hebei,龙潭,河北
Longtancun,26.4106,104.0051,China,CN,CHN,Yunnan,龙潭村,云南
Longtang,26.2553,107.8675,China,CN,CHN,Guizhou,龙塘,贵州
Longtangwan,27.7772,111.7514,China,CN,CHN,Hunan,龙塘湾,湖南
Longtian,34.9,106.85,China,CN,CHN,Guangdong,龙田,广东
Longxing,35.6091,111.2304,China,CN,CHN,Shanxi,龙兴,山西
Longyan,25.076,117.017,China,CN,CHN,Fujian,龙岩,福建
Longzhou,38.4348,114.5465,China,CN,CHN,Hebei,龙州,河北
Longzhou,30.32,112.23,China,CN,CHN,Hubei,龙州,湖北
Loudi,27.6998,111.9944,China,CN,CHN,Hunan,娄底,湖南
Loufan,38.0694,111.7911,China,CN,CHN,Shanxi,娄烦,山西
Lu'an,31.736,116.52,China,CN,CHN,Anhui,六安,安徽
Luancheng,37.9003,114.6483,China,CN,CHN,Hebei,栾城,河北
Luanzhou,39.741,118.704,China,CN,CHN,Hebei,滦州,河北
Lucheng,29.9985,101.9569,China,CN,CHN,Sichuan,芦城,四川
Luchong,27.2832,109.0346,China,CN,CHN,Guizhou,炉冲,贵州
Lufeng,24.5601,103.091,China,CN,CHN,Yunnan,陆丰,云南
Luocheng,22.7689,111.5697,China,CN,CHN,Guangdong,洛城,广东
Luocheng,30.99,104.25,China,CN,CHN,Sichuan,洛城,四川
Luofeng,37.359,120.396,China,CN,CHN,Shandong,罗峰,山东
Luohe,33.5804,114.0166,China,CN,CHN,Henan,漯河,河南
Luoyang,34.6197,112.4539,China,CN,CHN,Henan,洛阳,河南
Lushar,36.4842,101.5633,China,CN,CHN,Qinghai,卢沙,青海
Luxitun,22.2606,107.6442,China,CN,CHN,Guangxi,芦溪屯,广西
Luzhang,25.8226,98.8577,China,CN,CHN,Yunnan,芦章,云南
Luzhou,28.871,105.442,China,CN,CHN,Sichuan,泸州,四川
Luzhou,23.3686,114.5194,China,CN,CHN,Guangdong,泸州,广东
Ma'ai,34.5937,102.4814,China,CN,CHN,Gansu,马埃,甘肃
Ma'anshan,31.669,118.507,China,CN,CHN,Anhui,马鞍山,安徽
Ma'erkang,31.9057,102.2065,China,CN,CHN,Sichuan,马尔康,四川
Mabacun,24.6771,113.5858,China,CN,CHN,Guangdong,马坝村,广东
Mabai,23.0128,104.4508,China,CN,CHN,Yunnan,马白,云南
Machang,26.5634,106.1103,China,CN,CHN,Guizhou,马场,贵州
Machang,33.1912,107.3732,China,CN,CHN,Shaanxi,马场,陕西
Macheng,31.173,115.008,China,CN,CHN,Hubei,麻城,湖北
Magitang,35.9506,101.9686,China,CN,CHN,Qinghai,马吉塘,青海
Mahao,26.8675,108.3267,China,CN,CHN,Guizhou,马郝,贵州
Majia,35.4599,103.2076,China,CN,CHN,Gansu,马家,甘肃
Majiadiancun,39.9672,123.8753,China,CN,CHN,Liaoning,马家店村,辽宁
Majiagoucha,37.5033,109.6303,China,CN,CHN,Shaanxi,马家沟岔,陕西
Malanguan,40.1899,117.7001,China,CN,CHN,Hebei,马兰关,河北
Mali,23.1262,104.7409,China,CN,CHN,Yunnan,马里,云南
Manbengtang,22.146,100.936,China,CN,CHN,Yunnan,曼崩塘,云南
Mangdongshan,24.1844,98.3385,China,CN,CHN,Yunnan,芒东山,云南
Mangha,23.3543,98.9843,China,CN,CHN,Yunnan,芒哈,云南
Mangpa,23.4883,98.9078,China,CN,CHN,Yunnan,芒帕,云南
Mangqu,35.5833,100.75,China,CN,CHN,Qinghai,芒曲,青海
Manlin,23.663,101.8853,China,CN,CHN,Yunnan,曼林,云南
Manzhouli,49.598,117.379,China,CN,CHN,Inner Mongolia,满洲里,内蒙古
Maojiatang,27.5692,111.7647,China,CN,CHN,Hunan,毛家塘,湖南
Maoming,21.6627,110.9255,China,CN,CHN,Guangdong,茂名,广东
Maqu,35.9451,106.9953,China,CN,CHN,Gansu,玛曲,甘肃
Mashan,37.0235,112.0467,China,CN,CHN,Shanxi,马山,山西
Matan,30.5731,113.3342,China,CN,CHN,Hubei,马坦,湖北
Matigou,37.6043,109.9024,China,CN,CHN,Shaanxi,马蹄沟,陕西
Mawu,34.431,104.9187,China,CN,CHN,Gansu,马五,甘肃
Maying,36.0448,102.8343,China,CN,CHN,Qinghai,马营,青海
Mazhang,21.2757,110.3221,China,CN,CHN,Guangdong,麻章,广东
Medog,29.4833,95.5,China,CN,CHN,Tibet,墨脱,西藏
Meicheng,30.631,116.581,China,CN,CHN,Anhui,梅城,安徽
Meihekou,42.5407,125.7107,China,CN,CHN,Jilin,梅河口,吉林
Meihuacun,37.8862,114.8204,China,CN,CHN,Hebei,梅花村,河北
Meilan,19.999,110.403,China,CN,CHN,Hainan,美兰,海南
Meishan,30.0771,103.8484,China,CN,CHN,Sichuan,眉山,四川
Meishan,34.167,112.844,China,CN,CHN,Henan,眉山,河南
Meizhou,24.289,116.122,China,CN,CHN,Guangdong,梅州,广东
Meizichong,28.1419,111.6444,China,CN,CHN,Hunan,梅子冲,湖南
Mengdan,24.2752,98.4672,China,CN,CHN,Yunnan,猛丹,云南
Mengdingjie,23.55,99.0833,China,CN,CHN,Yunnan,孟定街,云南
Mengdong,23.1475,99.2492,China,CN,CHN,Yunnan,猛洞,云南
Menghan,21.8667,100.9833,China,CN,CHN,Yunnan,勐罕,云南
Mengjiacun,40.0001,119.8457,China,CN,CHN,Liaoning,孟家村,辽宁
Mengla,21.4686,101.5507,China,CN,CHN,Yunnan,勐腊,云南
Menglang,22.5586,99.9336,China,CN,CHN,Yunnan,勐朗,云南
Menglie,22.5833,101.8661,China,CN,CHN,Yunnan,孟列,云南
Mengmeng,23.465,99.8021,China,CN,CHN,Yunnan,蒙蒙,云南
Mianyang,31.468,104.679,China,CN,CHN,Sichuan,绵阳,四川
Miaojiaping,37.5777,110.0658,China,CN,CHN,Shaanxi,庙家坪,陕西
Miluo Chengguanzhen,28.761,113.16,China,CN,CHN,Hunan,汨罗城关镇,湖南
Mingguang,32.7833,117.9667,China,CN,CHN,Anhui,明光,安徽
Mingjiujie,23.4561,103.6506,China,CN,CHN,Yunnan,明旧街,云南
Mingxing,37.4264,112.5442,China,CN,CHN,Shanxi,明星,山西
Minquan,37.442,103.3811,China,CN,CHN,Gansu,民权,甘肃
Minzhu,43.7238,127.3448,China,CN,CHN,Jilin,民主,吉林
Miqiao,35.4991,108.2949,China,CN,CHN,Gansu,米桥,甘肃
Mishan,45.5298,131.8466,China,CN,CHN,Heilongjiang,密山,黑龙江
Mizhou,35.99,119.3801,China,CN,CHN,Shandong,密州,山东
Mositai,45.5333,119.6528,China,CN,CHN,Inner Mongolia,莫斯台,内蒙古
Mudanjiang,44.5514,129.6329,China,CN,CHN,Heilongjiang,牡丹江,黑龙江
Mujiayu,40.4097,116.9325,China,CN,CHN,Beijing,慕家峪,北京
Muping,30.3692,102.8139,China,CN,CHN,Sichuan,牟平,四川
Nada,19.5209,109.5808,China,CN,CHN,Hainan,纳达,海南
Nagqu,31.476,92.051,China,CN,CHN,Tibet,那曲,西藏
Nan Zhuang,22.9839,113.0139,China,CN,CHN,Guangdong,南庄,广东
Nan'ao,38.5162,114.5648,China,CN,CHN,Hebei,南澳,河北
Nancaicun,39.4811,117.0103,China,CN,CHN,Tianjin,南菜村,天津
Nanchang,28.683,115.858,China,CN,CHN,Jiangxi,南昌,江西
Nanchang,35.6718,111.7521,China,CN,CHN,Shanxi,南昌,山西
Nanchong,30.8372,106.1106,China,CN,CHN,Sichuan,南充,四川
Nandazhang,38.0826,114.7616,China,CN,CHN,Hebei,南大张,河北
Nandongcun,38.1024,114.7658,China,CN,CHN,Hebei,南董村,河北
Nanfang,23.3568,115.5167,China,CN,CHN,Guangdong,南方,广东
Nanfengcun,23.746,111.7966,China,CN,CHN,Guangdong,南风村,广东
Nangandao,35.3036,113.9268,China,CN,CHN,Henan,南甘道,河南
Nangong,37.359,115.409,China,CN,CHN,Hebei,南宫,河北
Nanjian,25.0531,100.5231,China,CN,CHN,Yunnan,南涧,云南
Nanjing,32.0608,118.7789,China,CN,CHN,Jiangsu,南京,江苏
Nanmengcun,38.1804,114.774,China,CN,CHN,Hebei,南孟村,河北
Nanmucun,25.1647,114.5549,China,CN,CHN,Guangdong,南木村,广东
Nanning,22.8167,108.3275,China,CN,CHN,Guangxi,南宁,广西
Nanping,26.6418,118.1774,China,CN,CHN,Fujian,南平,福建
Nanpingcun,39.8081,114.0473,China,CN,CHN,Shanxi,南坪村,山西
Nanqiao,30.9167,121.4547,China,CN,CHN,Shanghai,南桥,上海
Nanqiaotou,22.7176,113.2918,China,CN,CHN,Guangdong,南桥头,广东
Nansan,23.7784,98.8253,China,CN,CHN,Yunnan,南三,云南
Nanshuicun,22.0316,113.2358,China,CN,CHN,Guangdong,南水村,广东
Nantang,22.4986,113.531,China,CN,CHN,Guangdong,南塘,广东
Nantingcun,20.8422,110.0586,China,CN,CHN,Guangdong,南亭村,广东
Nantong,31.981,120.894,China,CN,CHN,Jiangsu,南通,江苏
Nantou,22.7217,113.2926,China,CN,CHN,Guangdong,南头,广东
Nantun,38.0619,114.6365,China,CN,CHN,Hebei,南屯,河北
Nanxicun,23.4975,116.2436,China,CN,CHN,Guangdong,南溪村,广东
Nanyang,32.9902,112.5285,China,CN,CHN,Henan,南阳,河南
Nanyangcun,34.7015,108.3295,China,CN,CHN,Shaanxi,南阳村,陕西
Nanyangcun,36.0819,114.3481,China,CN,CHN,Hebei,南阳村,河北
Nanzhai,26.6299,108.7645,China,CN,CHN,Guizhou,南寨,贵州
Nanzhangcheng,37.9108,114.0749,China,CN,CHN,Hebei,南张城,河北
Nanzhuangzhen,23.721,102.8231,China,CN,CHN,Yunnan,南庄镇,云南
Narat,43.3667,84.05,China,CN,CHN,Xinjiang,那拉提,新疆
Nawucun,21.9856,110.5877,China,CN,CHN,Guangdong,纳吾村,广东
Nehe,48.4833,124.8833,China,CN,CHN,Heilongjiang,讷河,黑龙江
Neihuzhai,22.9748,115.8345,China,CN,CHN,Guangdong,内虎寨,广东
Neijiang,29.5802,105.058,China,CN,CHN,Sichuan,内江,四川
Nenjiang,49.11,125.13,China,CN,CHN,Heilongjiang,嫩江,黑龙江
Nilka,43.7826,82.5089,China,CN,CHN,Xinjiang,尼勒克,新疆
Ning'an,44.341,129.483,China,CN,CHN,Heilongjiang,宁安,黑龙江
Ningbo,29.8603,121.6245,China,CN,CHN,Zhejiang,宁波,浙江
Ningde,26.6662,119.5477,China,CN,CHN,Fujian,宁德,福建
Niuchangqiao,26.6247,106.0077,China,CN,CHN,Guizhou,牛场桥,贵州
Niutuo Wucun,39.2618,116.3421,China,CN,CHN,Hebei,牛驼五村,河北
Nong'an,44.4347,125.175,China,CN,CHN,Jilin,农安,吉林
Nongzhangjie,24.5833,97.8667,China,CN,CHN,Yunnan,农场街,云南
Oroqen Zizhiqi,50.5667,123.7167,China,CN,CHN,Inner Mongolia,鄂伦春自治旗,内蒙古
Pagqen,33.9686,99.901,China,CN,CHN,Qinghai,帕琼,青海
Pan'an,34.7575,105.1135,China,CN,CHN,Gansu,磐安,甘肃
Panggezhuang,39.6336,116.3178,China,CN,CHN,Beijing,庞各庄,北京
Panshi,42.95,126.0667,China,CN,CHN,Jilin,磐石,吉林
Panying,33.0023,112.5281,China,CN,CHN,Henan,盘营,河南
Pencheng,29.676,115.681,China,CN,CHN,Jiangxi,彭城,江西
Pengzhen,30.5833,103.8751,China,CN,CHN,Sichuan,彭镇,四川
Peyziwat,39.4955,76.7428,China,CN,CHN,Xinjiang,皮山,新疆
Ping'an,36.4969,102.1247,China,CN,CHN,Qinghai,平安,青海
Ping'anbao,40.4989,117.5911,China,CN,CHN,Hebei,平安堡,河北
Pingcha,26.349,109.3791,China,CN,CHN,Hunan,平岔,湖南
Pingdeng,26.0564,109.9239,China,CN,CHN,Guangxi,平等,广西
Pingdingshan,33.7666,113.1926,China,CN,CHN,Henan,平顶山,河南
Pingdu,36.7769,119.9884,China,CN,CHN,Shandong,平度,山东
Pinghu,30.7,121.0167,China,CN,CHN,Zhejiang,平湖,浙江
Pingliang,35.5424,106.6649,China,CN,CHN,Gansu,平凉,甘肃
Pingquan,41.0184,118.702,China,CN,CHN,Hebei,平泉,河北
Pingshan,38.2506,114.1969,China,CN,CHN,Hebei,平山,河北
Pingshang,23.5315,115.8171,China,CN,CHN,Guangdong,平上,广东
Pingtan,23.2525,111.4119,China,CN,CHN,Guangxi,平潭,广西
Pingtang,22.7542,111.7527,China,CN,CHN,Guangdong,平塘,广东
Pingtang,26.0677,107.4035,China,CN,CHN,Guizhou,平塘,贵州
Pingtiancun,25.2225,114.6252,China,CN,CHN,Guangdong,平田村,广东
Pingtouchuanxiang,35.8763,105.3241,China,CN,CHN,Gansu,平头川乡,甘肃
Pingxiang,27.659,113.887,China,CN,CHN,Jiangxi,萍乡,江西
Pingyi,35.5104,117.62,China,CN,CHN,Shandong,平邑,山东
Pingyuanjie,23.7475,103.7525,China,CN,CHN,Yunnan,平原街,云南
Pizhou,34.398,117.89,China,CN,CHN,Jiangsu,邳州,江苏
Pudong,31.2347,121.5064,China,CN,CHN,Shanghai,浦东,上海
Puning,23.298,116.166,China,CN,CHN,Guangdong,普宁,广东
Puqi,29.7204,113.88,China,CN,CHN,Hubei,蒲圻,湖北
Puqiancun,23.5797,114.62,China,CN,CHN,Guangdong,浦前村,广东
Puqiancun,20.0289,110.5769,China,CN,CHN,Hainan,浦前村,海南
Pushangcun,36.347,115.0703,China,CN,CHN,Hebei,蒲上村,河北
Putian,25.4526,119.0078,China,CN,CHN,Fujian,莆田,福建
Puxi,35.2125,114.735,China,CN,CHN,Henan,浦西,河南
Puyang,35.7627,115.0292,China,CN,CHN,Henan,濮阳,河南
Puyang Chengguanzhen,35.7004,114.98,China,CN,CHN,Henan,濮阳城关镇,河南
Qabqa,36.2667,100.6167,China,CN,CHN,Qinghai,合不沙,青海
Qagan Us,36.3972,98.0122,China,CN,CHN,Qinghai,查干乌苏,青海
Qajortebu,30.9347,88.7047,China,CN,CHN,Tibet,喀卓特布,西藏
Qamdo,31.143,97.17,China,CN,CHN,Tibet,昌都,西藏
Qapqal,43.834,81.1581,China,CN,CHN,Xinjiang,察布查尔,新疆
Qarqan,38.1338,85.5333,China,CN,CHN,Xinjiang,且末,新疆
Qia'erbagecun,37.9724,77.3399,China,CN,CHN,Xinjiang,恰尔巴格村,新疆
Qian'an,39.999,118.701,China,CN,CHN,Hebei,迁安,河北
Qianjiang Shequ,23.6157,108.9603,China,CN,CHN,Guangxi,黔江社区,广西
Qianshanhong Nongchang,29.1442,112.4347,China,CN,CHN,Hunan,前山红农场,湖南
Qiantangcun,23.6742,116.915,China,CN,CHN,Guangdong,前塘村,广东
Qianwangcun,29.2283,121.3483,China,CN,CHN,Zhejiang,前王村,浙江
Qianwu,22.1346,113.2208,China,CN,CHN,Guangdong,前吴,广东
Qianxi,27.0087,106.0323,China,CN,CHN,Guizhou,迁西,贵州
Qianxucun,37.836,116.6708,China,CN,CHN,Shandong,钱旭村,山东
Qianzhou,28.276,109.712,China,CN,CHN,Hunan,黔州,湖南
Qiaomaichuan,39.7866,113.8239,China,CN,CHN,Shanxi,荞麦川,山西
Qiaotou,36.935,101.6736,China,CN,CHN,Qinghai,桥头,青海
Qiaotouba,33.7537,104.811,China,CN,CHN,Gansu,桥头坝,甘肃
Qiaotouyi,28.4114,112.927,China,CN,CHN,Hunan,桥头驿,湖南
Qiaoyang,35.0393,104.196,China,CN,CHN,Gansu,桥阳,甘肃
Qigexingcun,42.02,86.3031,China,CN,CHN,Xinjiang,七个兴村,新疆
Qinbaling,35.7091,107.6436,China,CN,CHN,Gansu,秦巴岭,甘肃
Qincheng,34.5815,105.7248,China,CN,CHN,Gansu,秦城,甘肃
Qingan,46.8719,127.5118,China,CN,CHN,Heilongjiang,庆安,黑龙江
Qingdao,36.0669,120.3827,China,CN,CHN,Shandong,青岛,山东
Qinggang,46.69,126.1,China,CN,CHN,Heilongjiang,青冈,黑龙江
Qingnian,36.8494,115.7061,China,CN,CHN,Shandong,青年,山东
Qingping,34.539,113.391,China,CN,CHN,Henan,青坪,河南
Qingquan,38.7931,101.0887,China,CN,CHN,Gansu,清泉,甘肃
Qingshan,27.35,105.02,China,CN,CHN,Yunnan,青山,云南
Qingxicun,24.5918,116.6217,China,CN,CHN,Guangdong,清溪村,广东
Qingyang,24.7816,118.5517,China,CN,CHN,Fujian,庆阳,福建
Qingyang,36.1985,113.4313,China,CN,CHN,Shanxi,庆阳,山西
Qingyuan,23.682,113.056,China,CN,CHN,Guangdong,清远,广东
Qingyuan,24.5004,108.6667,China,CN,CHN,Guangxi,清远,广西
Qingzhen,26.5704,106.4687,China,CN,CHN,Guizhou,清镇,贵州
Qingzhou,36.6853,118.4796,China,CN,CHN,Shandong,青州,山东
Qinhe,36.5014,112.3247,China,CN,CHN,Shanxi,沁河,山西
Qinhuangdao,39.8882,119.5202,China,CN,CHN,Hebei,秦皇岛,河北
Qinzhou,21.981,108.654,China,CN,CHN,Guangxi,钦州,广西
Qionghu,28.945,112.598,China,CN,CHN,Hunan,琼湖,湖南
Qiqihar,47.3549,123.9182,China,CN,CHN,Heilongjiang,齐齐哈尔,黑龙江
Qishe,24.9167,104.7833,China,CN,CHN,Guizhou,七舍,贵州
Qitai,41.5494,113.5339,China,CN,CHN,Inner Mongolia,奇台,内蒙古
Qiushanxiang,34.3558,104.8973,China,CN,CHN,Gansu,邱山乡,甘肃
Quan'ancun,25.1345,114.2646,China,CN,CHN,Guangdong,泉安村,广东
Quanzhang,35.6576,111.0838,China,CN,CHN,Shanxi,泉漳,山西
Quanzhou,24.8744,118.6757,China,CN,CHN,Fujian,泉州,福建
Qufu,35.5819,116.9862,China,CN,CHN,Shandong,曲阜,山东
Qujing,25.491,103.796,China,CN,CHN,Yunnan,曲靖,云南
Qujingpu,38.0814,106.0489,China,CN,CHN,Ningxia,曲靖铺,宁夏
Qulicun,22.565,107.8022,China,CN,CHN,Guangxi,渠立村,广西
Qutan,36.3537,102.297,China,CN,CHN,Qinghai,渠滩,青海
Quyang,26.5755,109.7008,China,CN,CHN,Hunan,曲阳,湖南
Quzhou,28.9702,118.8593,China,CN,CHN,Zhejiang,衢州,浙江
Rencun,22.6585,112.3674,China,CN,CHN,Guangdong,任村,广东
Renqiu,38.686,116.084,China,CN,CHN,Hebei,任丘,河北
Reshuijie,24.458,114.8282,China,CN,CHN,Guangdong,热水街,广东
Rizhao,35.417,119.527,China,CN,CHN,Shandong,日照,山东
Rongcheng,26.218,104.103,China,CN,CHN,Yunnan,荣成,云南
Rongcheng,29.8402,112.9048,China,CN,CHN,Hubei,荣成,湖北
Rongcheng,39.0525,115.8603,China,CN,CHN,Hebei,荣成,河北
Rongjiawan,29.15,113.1024,China,CN,CHN,Hunan,戎家湾,湖南
Rongwo,35.5161,102.0183,China,CN,CHN,Qinghai,隆务,青海
Rucheng,32.246,120.591,China,CN,CHN,Jiangsu,汝城,江苏
Rui'an,27.7833,120.625,China,CN,CHN,Zhejiang,瑞安,浙江
Ruiming,25.886,116.027,China,CN,CHN,Jiangxi,瑞明,江西
Rulin,26.3585,110.3117,China,CN,CHN,Hunan,汝林,湖南
Ruoqiang,39.0181,88.1681,China,CN,CHN,Xinjiang,若羌,新疆
Rushan,36.87,121.505,China,CN,CHN,Shandong,乳山,山东
Sanchahe,36.378,106.0869,China,CN,CHN,Ningxia,三岔河,宁夏
Sangyuan,33.0453,107.6268,China,CN,CHN,Shaanxi,桑园,陕西
Sangzishi,27.6675,111.3706,China,CN,CHN,Hunan,桑子石,湖南
Sanhe,40.0167,117.0833,China,CN,CHN,Hebei,三河,河北
Sanhe,35.3266,112.7681,China,CN,CHN,Shanxi,三河,山西
Sanhe,36.5639,105.6439,China,CN,CHN,Ningxia,三河,宁夏
Sanjiang,24.7265,112.2884,China,CN,CHN,Guangdong,三江,广东
Sanjiang,26.6764,109.1918,China,CN,CHN,Guizhou,三江,贵州
Sanjiang Nongchang,19.8808,110.602,China,CN,CHN,Hainan,三江农场,海南
Sanjiangkou,24.7579,104.5901,China,CN,CHN,Yunnan,三江口,云南
Sanjianxiang,27.5425,111.3475,China,CN,CHN,Hunan,三涧乡,湖南
Sanjiao,22.6856,113.4272,China,CN,CHN,Guangdong,三角,广东
Sanjiao,22.4348,113.1061,China,CN,CHN,Guangdong,三角,广东
Sanjiaocheng,36.8908,100.9997,China,CN,CHN,Qinghai,三角城,青海
Sanmenxia,34.7732,111.2004,China,CN,CHN,Henan,三门峡,河南
Sanming,26.2634,117.6389,China,CN,CHN,Fujian,三明,福建
Sanpaicun,34.8,104.3167,China,CN,CHN,Guangdong,三排村,广东
Santangpai,27.4008,111.9942,China,CN,CHN,Hunan,三塘排,湖南
Sanxi,22.5111,113.3161,China,CN,CHN,Guangdong,三溪,广东
Sanya,18.2533,109.5036,China,CN,CHN,Hainan,三亚,海南
Sanzhou,30.82,108.4,China,CN,CHN,Chongqing,三洲,重庆
Shache,38.4261,77.25,China,CN,CHN,Xinjiang,莎车,新疆
Shacheng,40.4039,115.5189,China,CN,CHN,Hebei,沙城,河北
Shahe,36.8549,114.5033,China,CN,CHN,Hebei,沙河,河北
Shahezhai,40.0892,119.6019,China,CN,CHN,Hebei,沙河寨,河北
Shalingzicun,40.6807,114.9205,China,CN,CHN,Hebei,沙岭子村,河北
Shancheng,34.7904,116.08,China,CN,CHN,Shandong,山城,山东
Shangcaiyuan,24.6999,102.754,China,CN,CHN,Yunnan,上蔡源,云南
Shangchuankou,36.3283,102.8015,China,CN,CHN,Qinghai,上川口,青海
Shanghai,31.2286,121.4747,China,CN,CHN,Shanghai,上海,上海
Shangjing,24.5601,114.8943,China,CN,CHN,Guangdong,上京,广东
Shanglingcun,24.6076,114.9939,China,CN,CHN,Guangdong,上岭村,广东
Shangluhu,23.2538,115.5815,China,CN,CHN,Guangdong,上芦湖,广东
Shangmuping,30.8117,111.0156,China,CN,CHN,Hubei,上木坪,湖北
Shangpa,26.9195,98.9516,China,CN,CHN,Yunnan,上帕,云南
Shangping,25.18,113.1172,China,CN,CHN,Guangdong,上坪,广东
Shangqiu,34.415,115.656,China,CN,CHN,Henan,商丘,河南
Shangrao,28.4551,117.9431,China,CN,CHN,Jiangxi,上饶,江西
Shangshan,23.4792,115.6918,China,CN,CHN,Guangdong,上山,广东
Shangtangcun,21.5989,111.5907,China,CN,CHN,Guangdong,上塘村,广东
Shangtianba,28.039,103.8584,China,CN,CHN,Yunnan,上天坝,云南
Shangxiao,35.4969,107.4914,China,CN,CHN,Gansu,上校,甘肃
Shangzhen,33.7116,110.2575,China,CN,CHN,Shaanxi,上镇,陕西
Shangzhi,45.207,127.965,China,CN,CHN,Heilongjiang,尚志,黑龙江
Shangzhou,33.8734,109.9186,China,CN,CHN,Shaanxi,商州,陕西
Shangzhuangcun,23.5226,116.7134,China,CN,CHN,Guangdong,上庄村,广东
Shanhe,35.495,108.3519,China,CN,CHN,Gansu,山河,甘肃
Shanhu,29.6,120.8167,China,CN,CHN,Zhejiang,山湖,浙江
Shankou,24.5455,116.4151,China,CN,CHN,Guangdong,山口,广东
Shanliang,19.8798,110.6011,China,CN,CHN,Hainan,山梁,海南
Shanshan,27.8203,112.0164,China,CN,CHN,Hunan,鄯善,湖南
Shantou,23.354,116.682,China,CN,CHN,Guangdong,汕头,广东
Shanwei,22.7872,115.3756,China,CN,CHN,Guangdong,汕尾,广东
Shanxia,24.2678,116.1107,China,CN,CHN,Guangdong,山霞,广东
Shanyincun,37.9151,114.4126,China,CN,CHN,Hebei,山阴村,河北
Shaogang,38.1583,106.0661,China,CN,CHN,Ningxia,韶钢,宁夏
Shaoguan,24.811,113.597,China,CN,CHN,Guangdong,韶关,广东
Shaomi,26.45,104.8833,China,CN,CHN,Guizhou,少密,贵州
Shaoshanzhan,27.915,112.5267,China,CN,CHN,Hunan,韶山站,湖南
Shaowu,27.3403,117.4925,China,CN,CHN,Fujian,邵武,福建
Shaoxing,30.0511,120.5833,China,CN,CHN,Zhejiang,绍兴,浙江
Shaoyang,27.2395,111.4679,China,CN,CHN,Hunan,邵阳,湖南
Shaoyang,32.912,119.8526,China,CN,CHN,Jiangsu,邵阳,江苏
Shaoyu,34.0641,105.3651,China,CN,CHN,Gansu,少游,甘肃
Shashijie,28.3458,113.424,China,CN,CHN,Hunan,沙市街,湖南
Shatiancun,21.9053,110.7151,China,CN,CHN,Guangdong,沙田村,广东
Shaxi,22.3067,113.1469,China,CN,CHN,Guangdong,沙溪,广东
Shaying,25.9667,105.3667,China,CN,CHN,Guizhou,沙营,贵州
Shazhou,40.1376,94.6638,China,CN,CHN,Gansu,沙洲,甘肃
Shendang Tingzi,30.5783,120.8193,China,CN,CHN,Zhejiang,申党亭子,浙江
Shengaocun,32.5844,120.1336,China,CN,CHN,Jiangsu,深奥村,江苏
Shengli,37.434,118.6746,China,CN,CHN,Shandong,胜利,山东
Shengli,37.9842,106.1967,China,CN,CHN,Ningxia,胜利,宁夏
Shengping,28.4856,98.9114,China,CN,CHN,Yunnan,升平,云南
Shenjiaba,32.9383,108.6439,China,CN,CHN,Shaanxi,沈家坝,陕西
Shenjiabang,30.6008,120.8229,China,CN,CHN,Zhejiang,沈家帮,浙江
Shenjiatun,40.591,114.95,China,CN,CHN,Hebei,沈家屯,河北
Shenmu,38.8244,110.4831,China,CN,CHN,Shaanxi,神木,陕西
Shentang,22.2985,113.4313,China,CN,CHN,Guangdong,神塘,广东
Shenwan,22.3024,113.3638,China,CN,CHN,Guangdong,神湾,广东
Shenyang,41.8025,123.4281,China,CN,CHN,Liaoning,沈阳,辽宁
Shenze,38.1831,115.2037,China,CN,CHN,Hebei,深泽,河北
Shenzhen,22.5415,114.0596,China,CN,CHN,Guangdong,深圳,广东
Shenzhou,38.002,115.56,China,CN,CHN,Hebei,深州,河北
Shetang,34.5514,105.9703,China,CN,CHN,Gansu,畲塘,甘肃
Shibancun,22.1539,110.7082,China,CN,CHN,Guangdong,石板村,广东
Shichuanxiang,34.5855,104.3208,China,CN,CHN,Gansu,石川乡,甘肃
Shidong,23.6873,111.9296,China,CN,CHN,Guangdong,施洞,广东
Shidongcun,23.6193,112.0701,China,CN,CHN,Guangdong,石洞村,广东
Shihe,39.2527,113.6757,China,CN,CHN,Shanxi,石河,山西
Shihezi,44.3054,86.0804,China,CN,CHN,Xinjiang,石河子,新疆
Shihuajie,32.2742,111.4717,China,CN,CHN,Hubei,石华街,湖北
Shiji,23.5045,112.9345,China,CN,CHN,Guangdong,石鸡,广东
Shiji,22.212,112.8632,China,CN,CHN,Guangdong,石鸡,广东
Shijiazhuang,38.0425,114.51,China,CN,CHN,Hebei,石家庄,河北
Shijiazhuangnan,37.9383,114.4453,China,CN,CHN,Hebei,石家庄南,河北
Shijing,23.093,113.7965,China,CN,CHN,Guangdong,石井,广东
Shilan,21.8724,110.6604,China,CN,CHN,Guangdong,石兰,广东
Shiling,27.3576,105.1535,China,CN,CHN,Guizhou,石岭,贵州
Shilou,39.6519,115.9747,China,CN,CHN,Beijing,石楼,北京
Shilu,19.2792,109.0518,China,CN,CHN,Hainan,石碌,海南
Shimencun,30.6265,120.4417,China,CN,CHN,Zhejiang,石门村,浙江
Shimubi,19.1645,110.3043,China,CN,CHN,Hainan,石木壁,海南
Shiqiao,34.1418,105.1214,China,CN,CHN,Gansu,石桥,甘肃
Shishi,24.7167,118.7,China,CN,CHN,Fujian,石狮,福建
Shitan,22.4546,112.5832,China,CN,CHN,Guangdong,石潭,广东
Shiwan,37.4622,109.3797,China,CN,CHN,Shaanxi,石湾,陕西
Shiyan,32.629,110.7987,China,CN,CHN,Hubei,十堰,湖北
Shiyan,23.1251,113.8633,China,CN,CHN,Guangdong,十堰,广东
Shiyuan,35.7991,102.8437,China,CN,CHN,Gansu,石塬,甘肃
Shizhaobi,23.921,115.7774,China,CN,CHN,Guangdong,石赵壁,广东
Shizuishan,39.2333,106.769,China,CN,CHN,Ningxia,石嘴山,宁夏
Shouguang,36.857,118.791,China,CN,CHN,Shandong,寿光,山东
Shuangcheng,45.3503,126.28,China,CN,CHN,Heilongjiang,双城,黑龙江
Shuanghe,30.3746,106.7903,China,CN,CHN,Sichuan,双河,四川
Shuanghe,33.032,109.6099,China,CN,CHN,Shaanxi,双河,陕西
Shuangluan,40.9611,117.7962,China,CN,CHN,Hebei,双滦,河北
Shuangqiao,35.067,112.602,China,CN,CHN,Henan,双桥,河南
Shuangshuicun,22.4356,112.9964,China,CN,CHN,Guangdong,双水村,广东
Shuangtian,22.864,114.5443,China,CN,CHN,Guangdong,双田,广东
Shuangxianxiang,35.33,105.695,China,CN,CHN,Gansu,双献乡,甘肃
Shuangyashan,46.6762,131.1416,China,CN,CHN,Heilongjiang,双鸭山,黑龙江
Shuibian,24.1263,112.7668,China,CN,CHN,Guangdong,水边,广东
Shuichecun,24.09,116.0174,China,CN,CHN,Guangdong,水车村,广东
Shuiding,44.05,80.8667,China,CN,CHN,Xinjiang,水顶,新疆
Shuilou,22.3403,112.8019,China,CN,CHN,Guangdong,水楼,广东
Shuinancun,23.2995,112.3753,China,CN,CHN,Guangdong,水南村,广东
Shuixi,22.509,113.3213,China,CN,CHN,Guangdong,水西,广东
Shuizhai,33.4658,114.8753,China,CN,CHN,Henan,水寨,河南
Shulan,44.4059,126.9655,China,CN,CHN,Jilin,舒兰,吉林
Shuozhou,39.3317,112.4329,China,CN,CHN,Shanxi,朔州,山西
Shuyangzha,34.1299,118.7734,China,CN,CHN,Jiangsu,淑阳闸,江苏
Sihecun,22.4761,111.5707,China,CN,CHN,Guangdong,四合村,广东
Sihui,23.3265,112.7338,China,CN,CHN,Guangdong,四会,广东
Sihushan,28.9716,112.6413,China,CN,CHN,Hunan,四虎山,湖南
Siliancun,22.7153,111.2846,China,CN,CHN,Guangdong,四联村,广东
Simao,22.7807,100.9782,China,CN,CHN,Yunnan,思茅,云南
Siping,43.1668,124.3506,China,CN,CHN,Jilin,四平,吉林
Siyang,27.2116,108.7463,China,CN,CHN,Guizhou,泗阳,贵州
Sizhan,38.9846,106.3828,China,CN,CHN,Ningxia,泗站,宁夏
Solon,46.6194,121.2433,China,CN,CHN,Inner Mongolia,索伦,内蒙古
Songhuajiangcun,44.7158,125.9544,China,CN,CHN,Jilin,松花江村,吉林
Songjiang,31.0058,121.2333,China,CN,CHN,Shanghai,松江,上海
Songjiangcun,42.1756,127.4842,China,CN,CHN,Jilin,松江村,吉林
Songyang,34.4553,113.0253,China,CN,CHN,Henan,松阳,河南
Songzi,30.174,111.757,China,CN,CHN,Hubei,松滋,湖北
Sucun,31.0554,118.1057,China,CN,CHN,Anhui,苏村,安徽
Suifenhe,44.4124,131.1518,China,CN,CHN,Heilongjiang,绥芬河,黑龙江
Suihua,46.654,126.969,China,CN,CHN,Heilongjiang,绥化,黑龙江
Suileng,47.2419,127.1161,China,CN,CHN,Heilongjiang,绥棱,黑龙江
Suining,30.533,105.593,China,CN,CHN,Sichuan,遂宁,四川
Sungandiancun,36.2221,115.3246,China,CN,CHN,Hebei,孙甘店村,河北
Sunjiayan,27.8528,108.15,China,CN,CHN,Guizhou,孙家岩,贵州
Suohe,34.7833,113.35,China,CN,CHN,Henan,索河,河南
Suonan,35.6633,103.39,China,CN,CHN,Gansu,锁南,甘肃
Suqian,33.963,118.275,China,CN,CHN,Jiangsu,宿迁,江苏
Suzhou,33.648,116.964,China,CN,CHN,Anhui,苏州,安徽
Suzhou,31.3,120.6194,China,CN,CHN,Jiangsu,苏州,江苏
Tacheng,46.7517,82.9869,China,CN,CHN,Xinjiang,塔城,新疆
Tafeng,25.3775,112.2034,China,CN,CHN,Hunan,塔峰,湖南
Tai'an,36.202,117.087,China,CN,CHN,Shandong,泰安,山东
Taichang,35.4002,107.7739,China,CN,CHN,Gansu,太昌,甘肃
Taicheng,38.7206,113.2437,China,CN,CHN,Shanxi,台城,山西
Taihe,30.871,105.388,China,CN,CHN,Sichuan,泰和,四川
Taihe,23.7413,113.0076,China,CN,CHN,Guangdong,泰和,广东
Taihecun,45.771,131.003,China,CN,CHN,Heilongjiang,太和村,黑龙江
Tailai,46.3909,123.4161,China,CN,CHN,Heilongjiang,泰来,黑龙江
Taishan,22.252,112.794,China,CN,CHN,Guangdong,台山,广东
Taishan Houcun,41.317,117.7264,China,CN,CHN,Hebei,台山后村,河北
Taisheng,23.2939,113.3531,China,CN,CHN,Guangdong,太升,广东
Taishituncun,40.5364,117.1219,China,CN,CHN,Beijing,太石屯村,北京
Taixing,32.159,120.029,China,CN,CHN,Jiangsu,泰兴,江苏
Taiyangxi,30.85,111.0,China,CN,CHN,Hubei,太阳溪,湖北
Taiyong,26.4726,108.5105,China,CN,CHN,Guizhou,太庸,贵州
Taiyuan,37.8704,112.5497,China,CN,CHN,Shanxi,太原,山西
Taizhou,32.4567,119.9229,China,CN,CHN,Jiangsu,泰州,江苏
Taizhou,28.6557,121.4208,China,CN,CHN,Zhejiang,泰州,浙江
Tanbei,35.088,112.951,China,CN,CHN,Henan,潭北,河南
Tangbian,25.6539,106.7793,China,CN,CHN,Guizhou,塘边,贵州
Tangcun,37.4172,115.841,China,CN,CHN,Hebei,唐村,河北
Tangdong,25.973,113.231,China,CN,CHN,Hunan,唐东,湖南
Tangdukou,27.0,111.2001,China,CN,CHN,Hunan,塘渡口,湖南
Tanggemu Nongchang,36.0781,100.0911,China,CN,CHN,Qinghai,塘格木农场,青海
Tangjia,22.3566,113.5919,China,CN,CHN,Guangdong,唐家,广东
Tangjia,30.7833,120.3,China,CN,CHN,Zhejiang,唐家,浙江
Tangjiacun,20.8425,109.8469,China,CN,CHN,Guangdong,唐家村,广东
Tanglou,22.2272,110.863,China,CN,CHN,Guangdong,汤楼,广东
Tangpingcun,22.0292,111.9346,China,CN,CHN,Guangdong,塘坪村,广东
Tangshan,39.6294,118.1739,China,CN,CHN,Hebei,唐山,河北
Tangxing,35.7261,111.7108,China,CN,CHN,Shanxi,塘兴,山西
Tanmen,19.2429,110.612,China,CN,CHN,Hainan,潭门,海南
Tantoucun,22.1888,110.871,China,CN,CHN,Guangdong,谭头村,广东
Tanxia,23.9475,115.5361,China,CN,CHN,Guangdong,潭峡,广东
Taohongpozhen,36.9854,111.4737,China,CN,CHN,Shanxi,桃红坡镇,山西
Taohuajiang,28.5239,112.1342,China,CN,CHN,Hunan,桃花江,湖南
Taoyang,35.3754,103.8612,China,CN,CHN,Gansu,桃阳,甘肃
Taozhou,30.8956,119.411,China,CN,CHN,Anhui,洮州,安徽
Taozhuangcun,30.9694,120.8095,China,CN,CHN,Zhejiang,陶庄村,浙江
Tashi,34.5,106.5333,China,CN,CHN,Shaanxi,塔什,陕西
Tazishan,41.0904,118.9931,China,CN,CHN,Hebei,塔子山,河北
Tekes,43.1903,81.7778,China,CN,CHN,Xinjiang,特克斯,新疆
Tengyue,25.0167,98.4833,China,CN,CHN,Yunnan,腾越,云南
Tianchang,32.6811,119.0137,China,CN,CHN,Anhui,天长,安徽
Tianjin,39.1336,117.2054,China,CN,CHN,Tianjin,天津,天津
Tianmingsi,32.9784,107.2947,China,CN,CHN,Shaanxi,天明寺,陕西
Tianmu,39.2003,117.1431,China,CN,CHN,Tianjin,田亩,天津
Tianningcun,30.8938,120.8009,China,CN,CHN,Zhejiang,天宁村,浙江
Tiantoujiao,23.0241,114.1046,China,CN,CHN,Guangdong,田头角,广东
Tianyingcun,29.9197,119.4139,China,CN,CHN,Zhejiang,田营村,浙江
Tianyingji,29.9167,119.4167,China,CN,CHN,Anhui,田营集,安徽
Tieli,46.95,128.05,China,CN,CHN,Heilongjiang,铁力,黑龙江
Tieling,42.2237,123.726,China,CN,CHN,Liaoning,铁岭,辽宁
Tieshansi,30.2064,114.9003,China,CN,CHN,Hubei,铁山寺,湖北
Tilingzhai,40.1317,118.6731,China,CN,CHN,Hebei,梯岭寨,河北
Toksun,42.7918,88.6536,China,CN,CHN,Xinjiang,托克逊,新疆
Toli,45.9313,83.6039,China,CN,CHN,Xinjiang,托里,新疆
Tong'anyi,35.3041,104.6802,China,CN,CHN,Gansu,通安驿,甘肃
Tongchuan,34.897,108.945,China,CN,CHN,Shaanxi,铜川,陕西
Tongchuanshi,35.08,109.03,China,CN,CHN,Shaanxi,铜川市,陕西
Tongjiang,47.65,132.5,China,CN,CHN,Heilongjiang,同江,黑龙江
Tongliao,43.654,122.243,China,CN,CHN,Inner Mongolia,通辽,内蒙古
Tongling,30.9456,117.8114,China,CN,CHN,Anhui,铜陵,安徽
Tongren,27.7316,109.1895,China,CN,CHN,Guizhou,铜仁,贵州
Tongshan,34.261,117.1859,China,CN,CHN,Jiangsu,铜山,江苏
Tongyangdao,41.7676,109.9711,China,CN,CHN,Inner Mongolia,通阳道,内蒙古
Tongzhou,25.7,106.9333,China,CN,CHN,Guizhou,通州,贵州
Toqsu,41.5417,82.604,China,CN,CHN,Xinjiang,托克苏,新疆
Tumen,42.9667,129.85,China,CN,CHN,Jilin,图们,吉林
Tuncheng,19.3633,110.0978,China,CN,CHN,Hainan,屯城,海南
Tunzi,35.5753,107.3694,China,CN,CHN,Gansu,屯子,甘肃
Tuodian,24.6667,101.6333,China,CN,CHN,Yunnan,托店,云南
Turpan,42.9512,89.1895,China,CN,CHN,Xinjiang,吐鲁番,新疆
Uchturpan,41.1517,79.225,China,CN,CHN,Xinjiang,乌恰,新疆
Ulan Hua,41.53,111.7,China,CN,CHN,Inner Mongolia,乌兰花,内蒙古
Ulanhot,46.0722,122.0933,China,CN,CHN,Inner Mongolia,乌兰浩特,内蒙古
Urumqi,43.8225,87.6125,China,CN,CHN,Xinjiang,乌鲁木齐,新疆
Ut Bulag,44.9089,82.2054,China,CN,CHN,Xinjiang,乌特布拉格,新疆
Wafangdian,39.6271,121.9796,China,CN,CHN,Liaoning,瓦房店,辽宁
Wancheng,18.8,110.4,China,CN,CHN,Hainan,万城,海南
Wanchuan,35.0875,105.8561,China,CN,CHN,Gansu,湾川,甘肃
Wanding,24.0833,98.0667,China,CN,CHN,Yunnan,畹町,云南
Wanggezhuang,39.6706,116.4382,China,CN,CHN,Beijing,王阁庄,北京
Wangguanzhuang Sicun,37.0183,115.5773,China,CN,CHN,Hebei,王官庄四村,河北
Wanghong Yidui,38.2125,106.225,China,CN,CHN,Ningxia,王洪一队,宁夏
Wangjia,30.5939,120.7795,China,CN,CHN,Zhejiang,王家,浙江
Wangjiabian,38.2412,110.2353,China,CN,CHN,Shaanxi,王家边,陕西
Wangjiaxian,36.5108,104.149,China,CN,CHN,Gansu,王家仙,甘肃
Wangjiazhai,26.6895,104.8043,China,CN,CHN,Guizhou,王家寨,贵州
Wangqing,43.3126,129.7572,China,CN,CHN,Jilin,汪清,吉林
Wangsicun,37.9998,116.9224,China,CN,CHN,Hebei,王寺村,河北
Wangtang,19.9117,110.8072,China,CN,CHN,Hainan,汪塘,海南
Wangtuan,36.9145,105.85,China,CN,CHN,Ningxia,王团,宁夏
Wangyuanqiao,38.3849,106.2664,China,CN,CHN,Ningxia,王院桥,宁夏
Wangzhuang,39.8003,116.15,China,CN,CHN,Beijing,王庄,北京
Wanyuan,31.9833,107.9667,China,CN,CHN,Sichuan,万源,四川
Wayaobu,37.1427,109.6752,China,CN,CHN,Shaanxi,瓦窑堡,陕西
Weichanglu,37.1792,119.9333,China,CN,CHN,Shandong,卫昌路,山东
Weifang,36.708,119.162,China,CN,CHN,Shandong,潍坊,山东
Weifen,38.4633,111.1203,China,CN,CHN,Shanxi,围墙,山西
Weihai,37.5133,122.1205,China,CN,CHN,Shandong,威海,山东
Weinan,34.5206,109.471,China,CN,CHN,Shaanxi,渭南,陕西
Weishui,38.023,114.1458,China,CN,CHN,Hebei,渭水,河北
Weiyuan,23.4683,100.6835,China,CN,CHN,Yunnan,威远,云南
Weiyuan,36.8413,101.9557,China,CN,CHN,Qinghai,威远,青海
Weizhou,21.0214,109.1214,China,CN,CHN,Guangxi,韦州,广西
Wen'anyi,36.8658,110.0553,China,CN,CHN,Shaanxi,文安驿,陕西
Wenchang,31.0358,116.9367,China,CN,CHN,Anhui,文昌,安徽
Wencheng,19.617,110.7551,China,CN,CHN,Hainan,文城,海南
Wengtiancun,19.9327,110.875,China,CN,CHN,Hainan,翁田村,海南
Wenlan,23.3961,103.3649,China,CN,CHN,Yunnan,文兰,云南
Wenlangkou,37.6569,115.2802,China,CN,CHN,Hebei,文朗口,河北
Wenling,28.3667,121.3667,China,CN,CHN,Zhejiang,温岭,浙江
Wenping,27.1931,103.5273,China,CN,CHN,Yunnan,文坪,云南
Wenquan,19.2439,110.405,China,CN,CHN,Hainan,温泉,海南
Wentang,23.9918,112.2868,China,CN,CHN,Guangdong,文塘,广东
Wenwu,24.7413,116.1942,China,CN,CHN,Guangdong,文武,广东
Wenxian Chengguanzhen,32.9471,104.6814,China,CN,CHN,Gansu,文县城关镇,甘肃
Wenxicun,28.1627,120.3885,China,CN,CHN,Zhejiang,文溪村,浙江
Wenzhou,27.9938,120.6993,China,CN,CHN,Zhejiang,温州,浙江
Wu'an,36.697,114.204,China,CN,CHN,Hebei,武安,河北
Wuchang,44.924,127.158,China,CN,CHN,Heilongjiang,武昌,黑龙江
Wuchuan,21.441,110.779,China,CN,CHN,Guangdong,吴川,广东
Wudalianchi,48.75,126.1667,China,CN,CHN,Heilongjiang,五大连池,黑龙江
Wugang,26.7266,110.6319,China,CN,CHN,Hunan,武冈,湖南
Wuhai,39.655,106.794,China,CN,CHN,Inner Mongolia,乌海,内蒙古
Wuhan,30.5934,114.3046,China,CN,CHN,Hubei,武汉,湖北
Wuhu,31.3526,118.4331,China,CN,CHN,Anhui,芜湖,安徽
Wuhuang,29.9649,104.7883,China,CN,CHN,Sichuan,五黄,四川
Wuji,38.179,114.9763,China,CN,CHN,Hebei,无极,河北
Wujiaqu,44.167,87.543,China,CN,CHN,Xinjiang,五家渠,新疆
Wujiaying,33.1871,107.048,China,CN,CHN,Shaanxi,吴家营,陕西
Wujindian,31.9839,112.7703,China,CN,CHN,Hubei,五金店,湖北
Wulan,36.5585,104.6765,China,CN,CHN,Gansu,乌兰,甘肃
Wuling,39.4421,114.23,China,CN,CHN,Shanxi,五岭,山西
Wulingshancun,40.6415,117.4996,China,CN,CHN,Hebei,五陵山村,河北
Wulong,23.3202,112.1901,China,CN,CHN,Guangdong,武隆,广东
Wulongpu,37.9356,110.3566,China,CN,CHN,Shaanxi,五龙铺,陕西
Wumayingcun,38.0094,116.8032,China,CN,CHN,Hebei,五马营村,河北
Wusong,30.945,117.811,China,CN,CHN,Anhui,吴淞,安徽
Wutiancun,23.1852,116.4757,China,CN,CHN,Guangdong,吴田村,广东
Wutong,30.6333,120.5333,China,CN,CHN,Zhejiang,梧桐,浙江
Wuwei,37.929,102.638,China,CN,CHN,Gansu,武威,甘肃
Wuxi,31.5667,120.2833,China,CN,CHN,Jiangsu,无锡,江苏
Wuxi,26.58,111.841,China,CN,CHN,Hunan,无锡,湖南
Wuxue,29.844,115.561,China,CN,CHN,Hubei,武穴,湖北
Wuyang,27.057,108.3959,China,CN,CHN,Guizhou,舞阳,贵州
Wuyi,37.7965,115.892,China,CN,CHN,Hebei,武邑,河北
Wuyishan,27.7564,118.0353,China,CN,CHN,Fujian,武夷山,福建
Wuyuan,41.0896,108.2722,China,CN,CHN,Inner Mongolia,五原,内蒙古
Wuzhong,37.9978,106.1986,China,CN,CHN,Ningxia,吴忠,宁夏
Wuzhou,23.4767,111.279,China,CN,CHN,Guangxi,梧州,广西
Xangda,32.2055,96.4781,China,CN,CHN,Qinghai,向达,青海
Xi'an,34.2611,108.9422,China,CN,CHN,Shaanxi,西安,陕西
Xiaba,27.8826,108.057,China,CN,CHN,Guizhou,峡坝,贵州
Xiada,24.0391,113.4543,China,CN,CHN,Guangdong,下达,广东
Xiaguanying,35.9427,104.1717,China,CN,CHN,Gansu,下官营,甘肃
Xiamen,24.4796,118.0889,China,CN,CHN,Fujian,厦门,福建
Xiancun,23.2374,116.3152,China,CN,CHN,Guangdong,线村,广东
Xiangcheng,25.4783,100.5551,China,CN,CHN,Yunnan,项城,云南
Xianghe,39.7532,116.9814,China,CN,CHN,Hebei,香河,河北
Xiangjiaba,28.5627,104.3461,China,CN,CHN,Yunnan,向家坝,云南
Xiangping,24.5894,112.1148,China,CN,CHN,Guangdong,祥平,广东
Xiangpingcun,24.5892,112.1237,China,CN,CHN,Guangdong,湘平村,广东
Xiangshui,26.5964,104.8314,China,CN,CHN,Guizhou,响水,贵州
Xiangtan,27.8313,112.9454,China,CN,CHN,Hunan,湘潭,湖南
Xiangxiang,27.7186,112.5502,China,CN,CHN,Hunan,湘乡,湖南
Xiangyang,32.01,112.122,China,CN,CHN,Hubei,襄阳,湖北
Xiangyang,34.2995,108.4905,China,CN,CHN,Shaanxi,襄阳,陕西
Xiangyuncun,24.9641,118.1668,China,CN,CHN,Fujian,祥云村,福建
Xianshuigu,38.9786,117.3886,China,CN,CHN,Tianjin,咸水沽,天津
Xiantangcun,23.794,114.7447,China,CN,CHN,Guangdong,仙塘村,广东
Xiantao,30.328,113.443,China,CN,CHN,Hubei,仙桃,湖北
Xianyang,34.3299,108.7088,China,CN,CHN,Shaanxi,咸阳,陕西
Xiaoba,26.6499,106.985,China,CN,CHN,Guizhou,小坝,贵州
Xiaobazi,27.333,105.5099,China,CN,CHN,Guizhou,小坝子,贵州
Xiaodian,40.0742,116.8258,China,CN,CHN,Beijing,小店,北京
Xiaoganzhan,30.918,113.957,China,CN,CHN,Hubei,孝感站,湖北
Xiaojiangcun,24.6168,112.5945,China,CN,CHN,Guangdong,小江村,广东
Xiaoli,22.6721,113.2509,China,CN,CHN,Guangdong,小里,广东
Xiaolongtan,23.7836,103.1563,China,CN,CHN,Yunnan,小龙潭,云南
Xiaotangzhuang,40.3997,116.765,China,CN,CHN,Beijing,小唐庄,北京
Xiaoxita,30.692,111.287,China,CN,CHN,Hubei,小西塔,湖北
Xiaoyi,36.0833,111.5167,China,CN,CHN,Shanxi,孝义,山西
Xiaozhengzhuang,39.625,117.9031,China,CN,CHN,Hebei,小正庄,河北
Xiaozui,35.6912,108.0779,China,CN,CHN,Gansu,小嘴,甘肃
Xiaping,26.748,114.289,China,CN,CHN,Jiangxi,下平,江西
Xiaping,24.6725,112.6106,China,CN,CHN,Guangdong,下平,广东
Xiaping,33.4031,106.0581,China,CN,CHN,Shaanxi,下平,陕西
Xiaqiaotou,27.2167,100.15,China,CN,CHN,Yunnan,下桥头,云南
Xiashi,30.5333,120.6833,China,CN,CHN,Zhejiang,下市,浙江
Xiawuqi,39.6156,117.0553,China,CN,CHN,Tianjin,下五旗,天津
Xiayang,26.4906,113.7708,China,CN,CHN,Hunan,下杨,湖南
Xiazhai,27.7038,107.088,China,CN,CHN,Guizhou,下寨,贵州
Xiba,40.1645,98.7521,China,CN,CHN,Gansu,西坝,甘肃
Xibang,30.9472,120.8889,China,CN,CHN,Jiangsu,西邦,江苏
Xibeijie,39.7334,98.4943,China,CN,CHN,Gansu,西北街,甘肃
Xichang,27.8944,102.2644,China,CN,CHN,Sichuan,西昌,四川
Xicheng,23.3667,103.15,China,CN,CHN,Yunnan,西城,云南
Xidiancun,29.4787,121.4368,China,CN,CHN,Zhejiang,西店村,浙江
Xiedian,35.419,110.8281,China,CN,CHN,Shanxi,谢店,山西
Xiegang,22.9616,114.1487,China,CN,CHN,Guangdong,谢岗,广东
Xieqiaocun,30.4973,120.6106,China,CN,CHN,Zhejiang,谢桥村,浙江
Xiezhou,34.9124,110.8517,China,CN,CHN,Shanxi,解州,山西
Xigaze,29.25,88.8833,China,CN,CHN,Tibet,日喀则,西藏
Xigujing,31.2988,121.1742,China,CN,CHN,Shanghai,西固井,上海
Xihuachi,35.8164,108.0125,China,CN,CHN,Gansu,西华池,甘肃
Xihuangcun,37.1411,114.2293,China,CN,CHN,Hebei,西皇村,河北
Xihuangni,38.3575,113.8519,China,CN,CHN,Hebei,西黄泥,河北
Xikeng,24.0505,116.8538,China,CN,CHN,Guangdong,西坑,广东
Xiluodu,28.2442,103.6385,China,CN,CHN,Yunnan,溪洛渡,云南
Xima,37.9764,114.6258,China,CN,CHN,Hebei,西马,河北
Ximeicun,24.9612,118.3849,China,CN,CHN,Fujian,西美村,福建
Xin'an,34.286,118.355,China,CN,CHN,Jiangsu,新安,江苏
Xinbin,41.7342,125.04,China,CN,CHN,Liaoning,新宾,辽宁
Xinbocun,42.3032,117.7258,China,CN,CHN,Hebei,新堡村,河北
Xinchangcun,26.4249,107.5323,China,CN,CHN,Guizhou,新昌村,贵州
Xincheng,39.9883,112.4673,China,CN,CHN,Shanxi,新城,山西
Xincheng,38.2667,114.6833,China,CN,CHN,Hebei,新城,河北
Xincheng,36.0333,113.4667,China,CN,CHN,Shanxi,新城,山西
Xincun,21.6657,111.4024,China,CN,CHN,Guangdong,新村,广东
Xincun,27.6718,103.8699,China,CN,CHN,Yunnan,新村,云南
Xindi,29.827,113.476,China,CN,CHN,Hubei,新地,湖北
Xindian,25.2814,101.5583,China,CN,CHN,Yunnan,新店,云南
Xingang,28.9294,112.316,China,CN,CHN,Hunan,新港,湖南
Xingangli,39.9101,119.5468,China,CN,CHN,Hebei,新岗里,河北
Xingcheng,24.1347,115.73,China,CN,CHN,Guangdong,兴城,广东
Xingcheng,40.6167,120.7333,China,CN,CHN,Liaoning,兴城,辽宁
Xingcheng,40.1431,118.3008,China,CN,CHN,Hebei,兴城,河北
Xinglong,40.4146,117.493,China,CN,CHN,Hebei,兴隆,河北
Xingren,25.435,105.1862,China,CN,CHN,Guizhou,兴仁,贵州
Xingsha,28.2573,113.1234,China,CN,CHN,Hunan,星沙,湖南
Xingtai,37.0717,114.5048,China,CN,CHN,Hebei,邢台,河北
Xingyi,25.092,104.8955,China,CN,CHN,Guizhou,兴义,贵州
Xinhua,23.6243,105.6229,China,CN,CHN,Yunnan,新华,云南
Xinhua,37.8291,102.5986,China,CN,CHN,Gansu,新华,甘肃
Xinhualu,34.3964,113.7402,China,CN,CHN,Henan,新华路,河南
Xining,36.6224,101.7804,China,CN,CHN,Qinghai,西宁,青海
Xinji,37.943,115.218,China,CN,CHN,Hebei,辛集,河北
Xinji,38.4682,116.8918,China,CN,CHN,Hebei,辛集,河北
Xinjie,27.7049,103.3808,China,CN,CHN,Yunnan,新街,云南
Xinjing,31.2142,121.3681,China,CN,CHN,Shanghai,新经,上海
Xinjun,28.7233,120.0189,China,CN,CHN,Zhejiang,新军,浙江
Xinmin,41.997,122.823,China,CN,CHN,Liaoning,新民,辽宁
Xinmin,35.1278,108.1447,China,CN,CHN,Shaanxi,新民,陕西
Xinmin,25.4831,104.8416,China,CN,CHN,Guizhou,新民,贵州
Xinnongcun,42.2357,122.9455,China,CN,CHN,Liaoning,新农村,辽宁
Xinpo,21.6311,110.9747,China,CN,CHN,Guangdong,新坡,广东
Xinpo,19.6929,110.4869,China,CN,CHN,Hainan,新坡,海南
Xinpu,34.5966,119.2214,China,CN,CHN,Jiangsu,新浦,江苏
Xinqing,48.2363,129.5059,China,CN,CHN,Heilongjiang,新青,黑龙江
Xinshi,31.1333,113.1167,China,CN,CHN,Hubei,新市,湖北
Xinsi,34.6503,104.6302,China,CN,CHN,Gansu,新寺,甘肃
Xintai,35.909,117.768,China,CN,CHN,Shandong,新泰,山东
Xintang,22.7833,113.15,China,CN,CHN,Guangdong,新塘,广东
Xintangcun,23.9423,116.7865,China,CN,CHN,Guangdong,新塘村,广东
Xintian,23.2845,103.492,China,CN,CHN,Yunnan,新田,云南
Xintian,28.1905,107.6719,China,CN,CHN,Guizhou,新田,贵州
Xintianfeng,24.5581,115.4647,China,CN,CHN,Guangdong,新田峰,广东
Xinxing,39.8667,124.15,China,CN,CHN,Liaoning,新兴,辽宁
Xinxing,47.1601,123.8,China,CN,CHN,Heilongjiang,新兴,黑龙江
Xinyang,32.149,114.091,China,CN,CHN,Henan,信阳,河南
Xinyaoshang,26.835,106.8403,China,CN,CHN,Guizhou,新姚上,贵州
Xinyi,22.3549,110.9468,China,CN,CHN,Guangdong,新沂,广东
Xinying,35.7039,104.1783,China,CN,CHN,Gansu,新营,甘肃
Xinyingheyan,35.3222,103.271,China,CN,CHN,Gansu,新营河沿,甘肃
Xinyu,27.8186,114.9167,China,CN,CHN,Jiangxi,新余,江西
Xinyuan,37.3,99.0,China,CN,CHN,Qinghai,新源,青海
Xinzhai,26.6959,106.9964,China,CN,CHN,Guizhou,新寨,贵州
Xinzhancun,43.8667,127.3333,China,CN,CHN,Jilin,新站村,吉林
Xinzhou,38.416,112.734,China,CN,CHN,Shanxi,忻州,山西
Xiongzhou,38.9653,116.0972,China,CN,CHN,Hebei,雄州,河北
Xiping,25.6005,103.8166,China,CN,CHN,Yunnan,西平,云南
Xiping,40.082,113.2981,China,CN,CHN,Shanxi,西平,山西
Xiqiao,22.9409,112.9819,China,CN,CHN,Guangdong,西樵,广东
Xireg,36.925,98.478,China,CN,CHN,Qinghai,西热格,青海
Xisa,23.45,104.7077,China,CN,CHN,Yunnan,西萨,云南
Xishan,27.6461,113.497,China,CN,CHN,Hunan,西山,湖南
Xishan,23.059,115.5564,China,CN,CHN,Guangdong,西山,广东
Xishancun,23.6014,116.3257,China,CN,CHN,Guangdong,西山村,广东
Xishancun,23.2618,116.2321,China,CN,CHN,Guangdong,西山村,广东
Xiulin,29.7209,112.4254,China,CN,CHN,Hubei,秀林,湖北
Xiushuicun,25.1728,113.0007,China,CN,CHN,Guangdong,秀水村,广东
Xiwanzi,40.9717,115.2737,China,CN,CHN,Hebei,西湾子,河北
Xixinzhuangzhen,37.0165,111.4908,China,CN,CHN,Shanxi,西辛庄镇,山西
Xixucun,36.693,113.795,China,CN,CHN,Hebei,西许村,河北
Xuanzhou,30.939,118.759,China,CN,CHN,Anhui,宣州,安徽
Xuejiawan,39.86,111.24,China,CN,CHN,Inner Mongolia,薛家湾,内蒙古
Xujing,31.1731,121.2723,China,CN,CHN,Shanghai,徐泾,上海
Xunjiansi,23.9586,103.1939,China,CN,CHN,Yunnan,巡检司,云南
Xunyang,32.8341,109.3653,China,CN,CHN,Shaanxi,旬阳,陕西
Xuqiaocun,30.4274,120.3866,China,CN,CHN,Zhejiang,许桥村,浙江
Xushan,30.1667,121.2333,China,CN,CHN,Zhejiang,徐山,浙江
Yacha,19.2253,109.4512,China,CN,CHN,Hainan,雅察,海南
Yakeshi,49.286,120.712,China,CN,CHN,Inner Mongolia,牙克石,内蒙古
Yakou,33.295,113.5269,China,CN,CHN,Henan,垭口,河南
Yamen,22.2999,113.0585,China,CN,CHN,Guangdong,崖门,广东
Yan'an,36.65,109.494,China,CN,CHN,Shaanxi,延安,陕西
Yan'an Beilu,44.0144,87.2674,China,CN,CHN,Xinjiang,延安北路,新疆
Yancheng,33.35,120.1569,China,CN,CHN,Jiangsu,盐城,江苏
Yandian,31.3271,113.58,China,CN,CHN,Hubei,延店,湖北
Yangchun,22.1704,111.7916,China,CN,CHN,Guangdong,阳春,广东
Yangcunzai,23.4338,114.4664,China,CN,CHN,Guangdong,杨村寨,广东
Yangfang,40.5552,115.0722,China,CN,CHN,Hebei,阳坊,河北
Yanggao,21.3298,109.9177,China,CN,CHN,Guangdong,阳高,广东
Yanggezhuang,39.456,118.7128,China,CN,CHN,Hebei,杨各庄,河北
Yanghe,38.2727,106.2496,China,CN,CHN,Ningxia,阳和,宁夏
Yangjiang,21.857,111.983,China,CN,CHN,Guangdong,阳江,广东
Yangliuqing,39.13,117.0142,China,CN,CHN,Tianjin,杨柳青,天津
Yangmei,22.8728,112.7802,China,CN,CHN,Guangdong,杨梅,广东
Yangping,27.7352,100.607,China,CN,CHN,Yunnan,阳平,云南
Yangqingcun,21.3594,110.1164,China,CN,CHN,Guangdong,杨青村,广东
Yangquan,37.8571,113.5804,China,CN,CHN,Shanxi,阳泉,山西
Yangquan,37.0749,111.5541,China,CN,CHN,Shanxi,阳泉,山西
Yangshe,31.8767,120.556,China,CN,CHN,Jiangsu,杨舍,江苏
Yangshuwa,34.7647,111.7603,China,CN,CHN,Henan,杨树洼,河南
Yangtangxu,21.5375,110.0044,China,CN,CHN,Guangdong,杨汤墟,广东
Yanguancun,30.4541,120.5545,China,CN,CHN,Zhejiang,盐官村,浙江
Yangyuhe,33.8614,109.874,China,CN,CHN,Shaanxi,阳峪河,陕西
Yangzhou,32.3944,119.4128,China,CN,CHN,Jiangsu,扬州,江苏
Yanhewan,36.7522,109.3678,China,CN,CHN,Shaanxi,燕河湾,陕西
Yanji,42.9,129.5,China,CN,CHN,Jilin,延吉,吉林
Yanjiang,30.129,104.627,China,CN,CHN,Sichuan,沿江,四川
Yankou,27.595,105.4174,China,CN,CHN,Guizhou,岩口,贵州
Yanqi,42.0586,86.5683,China,CN,CHN,Xinjiang,焉耆,新疆
Yanshanbu,26.3326,107.1071,China,CN,CHN,Guizhou,盐山埠,贵州
Yanshuiguan,36.8252,110.2345,China,CN,CHN,Shaanxi,盐水关,陕西
Yantai,37.4646,121.4478,China,CN,CHN,Shandong,烟台,山东
Yanyan,24.324,116.3142,China,CN,CHN,Guangdong,炎炎,广东
Yaofeng,35.1395,111.2174,China,CN,CHN,Shanxi,姚峰,山西
Yaojia,28.4547,109.1831,China,CN,CHN,Chongqing,姚家,重庆
Yaojiafen,40.6669,115.0586,China,CN,CHN,Hebei,姚家粉,河北
Yaojiazhuangcun,40.7437,114.9286,China,CN,CHN,Hebei,姚家庄村,河北
Yaopu,26.17,105.8489,China,CN,CHN,Guizhou,姚铺,贵州
Yaoquan,34.585,105.7261,China,CN,CHN,Gansu,姚泉,甘肃
Yaozhuangcun,30.9113,120.9573,China,CN,CHN,Zhejiang,姚庄村,浙江
Yapqan,39.1917,76.1656,China,CN,CHN,Xinjiang,亚普恰,新疆
Yashan,22.4776,112.7289,China,CN,CHN,Guangdong,压山,广东
Yatangcun,21.6172,110.0319,China,CN,CHN,Guangdong,鸭塘村,广东
Yatou,37.1653,122.4867,China,CN,CHN,Shandong,崖头,山东
Yecun,33.7663,110.1305,China,CN,CHN,Shaanxi,叶村,陕西
Yegainnyin,34.7356,101.5978,China,CN,CHN,Qinghai,叶盖因,青海
Yezhi,27.7,99.05,China,CN,CHN,Yunnan,叶枝,云南
Yi Xian,39.3537,115.496,China,CN,CHN,Hebei,易县,河北
Yian,47.8804,125.3,China,CN,CHN,Heilongjiang,伊安,黑龙江
Yibin,28.752,104.643,China,CN,CHN,Sichuan,宜宾,四川
Yicheng,31.36,119.815,China,CN,CHN,Jiangsu,宜城,江苏
Yicheng,31.721,112.257,China,CN,CHN,Hubei,宜城,湖北
Yichun,27.816,114.417,China,CN,CHN,Jiangxi,伊春,江西
Yichun,47.728,128.841,China,CN,CHN,Heilongjiang,伊春,黑龙江
Yidu,30.378,111.45,China,CN,CHN,Hubei,宜都,湖北
Yihezhuang,39.1373,116.0744,China,CN,CHN,Hebei,益和庄,河北
Yilong,23.6914,102.487,China,CN,CHN,Yunnan,仪陇,云南
Yima,34.7469,111.875,China,CN,CHN,Henan,义马,河南
Yinajia,26.8333,105.7,China,CN,CHN,Guizhou,伊纳家,贵州
Yinchengpu,39.8189,118.188,China,CN,CHN,Hebei,银城铺,河北
Yinchuan,38.485,106.225,China,CN,CHN,Ningxia,银川,宁夏
Yingcheng,24.21,113.401,China,CN,CHN,Guangdong,应城,广东
Yingchuan,34.142,113.489,China,CN,CHN,Henan,营川,河南
Yinggen,19.0372,109.8283,China,CN,CHN,Hainan,应根,海南
Yingkou,40.625,122.219,China,CN,CHN,Liaoning,营口,辽宁
Yingshouyingzi,40.5451,117.656,China,CN,CHN,Hebei,应手营子,河北
Yingshui,37.5061,105.1301,China,CN,CHN,Ningxia,迎水,宁夏
Yingtan,28.2721,117.0395,China,CN,CHN,Jiangxi,鹰潭,江西
Yingyangcun,22.0974,106.7567,China,CN,CHN,Guangxi,迎阳村,广西
Yingzhong,32.237,119.815,China,CN,CHN,Jiangsu,营中,江苏
Yingzhou Linchang,18.4199,109.8553,China,CN,CHN,Hainan,营州林场,海南
Yinhua,33.45,110.25,China,CN,CHN,Shaanxi,银华,陕西
Yinying,37.941,113.5602,China,CN,CHN,Shanxi,银营,山西
Yishi,35.165,110.746,China,CN,CHN,Shanxi,宜市,山西
Yishui,35.7904,118.62,China,CN,CHN,Shandong,沂水,山东
Yisuhe,27.7736,112.9558,China,CN,CHN,Hunan,伊苏河,湖南
Yitiaoshan,37.1889,104.0571,China,CN,CHN,Gansu,一条山,甘肃
Yitong,43.3456,125.3039,China,CN,CHN,Jilin,伊通,吉林
Yiwu,29.3069,120.0753,China,CN,CHN,Zhejiang,义乌,浙江
Yiyang,28.5549,112.356,China,CN,CHN,Hunan,益阳,湖南
Yiyang,26.4221,112.3999,China,CN,CHN,Hunan,益阳,湖南
Yong'an,25.942,117.365,China,CN,CHN,Fujian,永安,福建
Yong'an,31.0206,109.4587,China,CN,CHN,Chongqing,永安,重庆
Yong'ancun,23.1788,112.6904,China,CN,CHN,Guangdong,永安村,广东
Yongbei,26.6462,100.7807,China,CN,CHN,Yunnan,永北,云南
Yongcheng,33.9299,116.45,China,CN,CHN,Henan,永城,河南
Yongcong,26.0422,109.1314,China,CN,CHN,Guizhou,永从,贵州
Yonghetun,39.9131,116.6458,China,CN,CHN,Beijing,永和屯,北京
Yongji,34.867,110.448,China,CN,CHN,Shanxi,永济,山西
Yonglonghe,30.7723,112.8341,China,CN,CHN,Hubei,永龙河,湖北
Yongping,37.0044,109.8128,China,CN,CHN,Shaanxi,永平,陕西
Yongqing,39.2958,116.4897,China,CN,CHN,Hebei,永清,河北
Yongqing,34.7522,106.1312,China,CN,CHN,Gansu,永清,甘肃
Yongxiu,19.8941,110.2643,China,CN,CHN,Hainan,永秀,海南
Yongyang,27.09,106.6892,China,CN,CHN,Guizhou,永阳,贵州
Yongzhou,26.42,111.613,China,CN,CHN,Hunan,永州,湖南
Youfangcun,37.0049,115.7768,China,CN,CHN,Hebei,油坊村,河北
Youganning,34.7356,101.6114,China,CN,CHN,Qinghai,友干宁,青海
Youwangjie,24.8667,99.0833,China,CN,CHN,Yunnan,友旺街,云南
Yuancun,27.454,106.6649,China,CN,CHN,Guizhou,袁村,贵州
Yuanhucun,44.1977,86.8928,China,CN,CHN,Xinjiang,圆湖村,新疆
Yuanping,38.731,112.711,China,CN,CHN,Shanxi,原平,山西
Yuanquan,40.5004,95.8,China,CN,CHN,Gansu,元泉,甘肃
Yuanshan,24.3733,114.4856,China,CN,CHN,Guangdong,远山,广东
Yuanyangzhen,34.7847,104.7762,China,CN,CHN,Gansu,鸳鸯镇,甘肃
Yucheng,30.01,103.0415,China,CN,CHN,Sichuan,禹城,四川
Yucheng,36.934,116.638,China,CN,CHN,Shandong,禹城,山东
Yuchengcun,23.5633,116.2691,China,CN,CHN,Guangdong,愚诚村,广东
Yuci,37.6823,112.7281,China,CN,CHN,Shanxi,榆次,山西
Yueqing,28.12,120.96,China,CN,CHN,Zhejiang,乐清,浙江
Yueshanwan,27.8614,112.2911,China,CN,CHN,Hunan,岳山湾,湖南
Yueyang,29.3647,113.1309,China,CN,CHN,Hunan,岳阳,湖南
Yueyaquan,40.1256,94.6632,China,CN,CHN,Gansu,月牙泉,甘肃
Yuhuan,28.1277,121.2288,China,CN,CHN,Zhejiang,玉环,浙江
Yuli,41.3351,86.2614,China,CN,CHN,Xinjiang,尉犁,新疆
Yulin,22.654,110.181,China,CN,CHN,Guangxi,玉林,广西
Yulinshi,38.2858,109.7341,China,CN,CHN,Shaanxi,榆林市,陕西
Yulu,23.476,116.3978,China,CN,CHN,Guangdong,余路,广东
Yuncheng,35.0267,111.007,China,CN,CHN,Shanxi,运城,山西
Yunfu,22.9152,112.0445,China,CN,CHN,Guangdong,云浮,广东
Yunfu,28.6331,104.4181,China,CN,CHN,Yunnan,云浮,云南
Yunnanyi,25.4245,100.689,China,CN,CHN,Yunnan,云南驿,云南
Yunshan,34.761,105.7915,China,CN,CHN,Gansu,云山,甘肃
Yunxian Chengguanzhen,32.8082,110.8136,China,CN,CHN,Hubei,郧县城关镇,湖北
Yunzhong,39.8279,113.1,China,CN,CHN,Shanxi,云中,山西
Yuquan,40.4203,114.0864,China,CN,CHN,Shanxi,玉泉,山西
Yushan,31.322,120.985,China,CN,CHN,Jiangsu,虞山,江苏
Yushu,44.826,126.55,China,CN,CHN,Jilin,榆树,吉林
Yutan,28.278,112.552,China,CN,CHN,Hunan,渔潭,湖南
Yutiancun,25.8747,119.4578,China,CN,CHN,Fujian,裕田村,福建
Yuxi,24.347,102.527,China,CN,CHN,Yunnan,玉溪,云南
Yuxiaguan,36.0312,113.6099,China,CN,CHN,Shanxi,御峡关,山西
Yuyao,30.05,121.15,China,CN,CHN,Zhejiang,余姚,浙江
Yuzhang,25.3333,105.2,China,CN,CHN,Guizhou,余章,贵州
Zalantun,48.027,122.708,China,CN,CHN,Inner Mongolia,扎兰屯,内蒙古
Zanhuang,37.6656,114.3861,China,CN,CHN,Hebei,赞皇,河北
Zaojiao,34.4727,105.7062,China,CN,CHN,Gansu,枣角,甘肃
Zaoyang,32.129,112.772,China,CN,CHN,Hubei,枣阳,湖北
Zaozhuang,34.8109,117.3238,China,CN,CHN,Shandong,枣庄,山东
Zengcun,38.2451,114.7367,China,CN,CHN,Hebei,曾村,河北
Zengcun,38.2461,114.7394,China,CN,CHN,Hebei,曾村,河北
Zengjia Taizi,32.1263,109.4692,China,CN,CHN,Shaanxi,曾家太子,陕西
Zengjiaba,32.1114,109.4603,China,CN,CHN,Shaanxi,曾家坝,陕西
Zengqiao,27.5153,112.2336,China,CN,CHN,Hunan,曾桥,湖南
Zequ,35.0376,101.4606,China,CN,CHN,Qinghai,泽曲,青海
Zerong,24.8955,104.959,China,CN,CHN,Guizhou,择荣,贵州
Zetang,29.238,91.771,China,CN,CHN,Tibet,泽当,西藏
Zhaicun,22.6174,112.6275,China,CN,CHN,Guangdong,翟村,广东
Zhailuo,26.8833,105.2833,China,CN,CHN,Guizhou,寨罗,贵州
Zhaitangcun,24.501,112.4296,China,CN,CHN,Guangdong,寨塘村,广东
Zhamog,29.8595,95.7681,China,CN,CHN,Tibet,扎木,西藏
Zhangbei,41.158,114.7122,China,CN,CHN,Hebei,张北,河北
Zhangcun,38.1333,114.9333,China,CN,CHN,Hebei,张村,河北
Zhanggu,30.9504,101.9167,China,CN,CHN,Sichuan,张谷,四川
Zhangjiajie,29.117,110.479,China,CN,CHN,Hunan,张家界,湖南
Zhangjiakou,40.769,114.886,China,CN,CHN,Hebei,张家口,河北
Zhangjiakou Shi Xuanhua Qu,40.5944,115.0243,China,CN,CHN,Hebei,张家口市宣化区,河北
Zhangjiazhuang,38.2487,114.8675,China,CN,CHN,Hebei,张家庄,河北
Zhangjiazhuang,39.7507,118.3497,China,CN,CHN,Hebei,张家庄,河北
Zhangjiazhuangcun,38.1753,114.7394,China,CN,CHN,Hebei,张家庄村,河北
Zhangliangcun,37.0624,112.0078,China,CN,CHN,Shanxi,张良村,山西
Zhangmu Touwei,22.9149,114.0833,China,CN,CHN,Guangdong,樟木头围,广东
Zhangping,25.2902,117.42,China,CN,CHN,Fujian,漳平,福建
Zhangping,37.5667,112.8667,China,CN,CHN,Shanxi,漳平,山西
Zhangshanying,40.4775,115.8508,China,CN,CHN,Beijing,张山营,北京
Zhangshicun,24.5477,113.524,China,CN,CHN,Guangdong,张市村,广东
Zhangshu,28.0546,115.5462,China,CN,CHN,Jiangxi,樟树,江西
Zhangye,38.9248,100.4499,China,CN,CHN,Gansu,张掖,甘肃
Zhangzhengqiao,38.4042,106.3567,China,CN,CHN,Ningxia,张正桥,宁夏
Zhangzhou,24.513,117.647,China,CN,CHN,Fujian,漳州,福建
Zhangziying,39.6842,116.59,China,CN,CHN,Beijing,张自营,北京
Zhanjia,34.7564,109.3846,China,CN,CHN,Shaanxi,詹家,陕西
Zhanjiang,21.2701,110.3575,China,CN,CHN,Guangdong,湛江,广东
Zhanlicun,23.2881,116.2594,China,CN,CHN,Guangdong,湛利村,广东
Zhaodong,46.051,125.962,China,CN,CHN,Heilongjiang,肇东,黑龙江
Zhaoling,27.5975,113.1156,China,CN,CHN,Hunan,召陵,湖南
Zhaoqing,23.05,112.4667,China,CN,CHN,Guangdong,肇庆,广东
Zhaotong,27.338,103.717,China,CN,CHN,Yunnan,昭通,云南
Zhaoxiang,31.149,121.1962,China,CN,CHN,Shanghai,赵巷,上海
Zhaoyu,37.3512,112.3193,China,CN,CHN,Shanxi,召余,山西
Zhaozhou,37.7527,114.7775,China,CN,CHN,Hebei,赵州,河北
Zhaxi,27.8508,104.9687,China,CN,CHN,Yunnan,扎西,云南
Zhedao,24.8193,98.2763,China,CN,CHN,Yunnan,浙道,云南
Zhegaozhen,31.7827,117.7553,China,CN,CHN,Anhui,褚高镇,安徽
Zhenbeibu,38.6275,106.0669,China,CN,CHN,Ningxia,镇北堡,宁夏
Zhengding,38.1464,114.5708,China,CN,CHN,Hebei,正定,河北
Zhengdong,22.4819,101.5078,China,CN,CHN,Yunnan,正东,云南
Zhengjiatun,43.5183,123.5027,China,CN,CHN,Jilin,郑家屯,吉林
Zhengtun,25.15,105.1333,China,CN,CHN,Guizhou,正屯,贵州
Zhengzhou,34.764,113.684,China,CN,CHN,Henan,郑州,河南
Zhenjiang,32.188,119.424,China,CN,CHN,Jiangsu,镇江,江苏
Zhentang,21.8662,110.6996,China,CN,CHN,Guangdong,镇塘,广东
Zhenzhou,32.2723,119.1848,China,CN,CHN,Jiangsu,真州,江苏
Zhexiang,24.2591,98.2826,China,CN,CHN,Yunnan,遮相,云南
Zhihe,36.7624,110.623,China,CN,CHN,Shanxi,芝河,山西
Zhijiang,30.426,111.761,China,CN,CHN,Hubei,枝江,湖北
Zhijiang,27.4409,109.678,China,CN,CHN,Hunan,枝江,湖南
Zhipingxiang,35.295,105.6158,China,CN,CHN,Gansu,治平乡,甘肃
Zhongba,31.771,104.755,China,CN,CHN,Sichuan,中坝,四川
Zhongbai,26.7723,107.8883,China,CN,CHN,Guizhou,中白,贵州
Zhongcheng,28.5973,103.9773,China,CN,CHN,Yunnan,中城,云南
Zhongcun,35.3615,107.9791,China,CN,CHN,Gansu,中村,甘肃
Zhongdong Shequ,22.8317,107.8331,China,CN,CHN,Guangxi,中东社区,广西
Zhongguancun,41.1789,117.9617,China,CN,CHN,Hebei,中关村,河北
Zhongguyue,38.2833,113.8667,China,CN,CHN,Hebei,中沟埃,河北
Zhonghechang,27.8886,107.2531,China,CN,CHN,Guizhou,中和场,贵州
Zhongling,28.9391,107.7073,China,CN,CHN,Guizhou,钟岭,贵州
Zhongnan,19.1476,110.4695,China,CN,CHN,Hainan,中南,海南
Zhongshan,22.517,113.3925,China,CN,CHN,Guangdong,中山,广东
Zhongshan,34.9381,105.8775,China,CN,CHN,Gansu,中山,甘肃
Zhongshu,27.7919,106.4013,China,CN,CHN,Guizhou,钟树,贵州
Zhongtai,35.0675,107.613,China,CN,CHN,Gansu,中台,甘肃
Zhongtanying,40.2125,116.5844,China,CN,CHN,Beijing,中滩营,北京
Zhongwangzhuang,38.0333,115.2667,China,CN,CHN,Hebei,中王庄,河北
Zhongwei,37.5002,105.1968,China,CN,CHN,Ningxia,中卫,宁夏
Zhongxiang,31.168,112.588,China,CN,CHN,Hubei,钟祥,湖北
Zhongzai,26.6877,105.6548,China,CN,CHN,Guizhou,中寨,贵州
Zhongzhai,25.7783,107.8665,China,CN,CHN,Guizhou,中寨,贵州
Zhoujia,35.2976,108.0347,China,CN,CHN,Gansu,周家,甘肃
Zhoujiajing,31.1128,121.0503,China,CN,CHN,Jiangsu,周家泾,江苏
Zhoukou,33.6367,114.7014,China,CN,CHN,Henan,周口,河南
Zhoushan,29.9856,122.2074,China,CN,CHN,Zhejiang,舟山,浙江
Zhuanghe,39.681,122.967,China,CN,CHN,Liaoning,庄河,辽宁
Zhuangyuan,37.3056,120.829,China,CN,CHN,Shandong,状元,山东
Zhuchangba,26.6615,106.5485,China,CN,CHN,Guizhou,朱昌坝,贵州
Zhufeng,36.0,119.4167,China,CN,CHN,Shandong,诸丰,山东
Zhugang,28.1358,121.2264,China,CN,CHN,Zhejiang,珠港,浙江
Zhuhai,22.2742,113.5719,China,CN,CHN,Guangdong,珠海,广东
Zhuji,29.7167,120.2333,China,CN,CHN,Zhejiang,诸暨,浙江
Zhujiacun,26.3204,104.3957,China,CN,CHN,Yunnan,朱家村,云南
Zhujiagua,38.2242,110.4032,China,CN,CHN,Shaanxi,朱家瓜,陕西
Zhujiezhen,23.7442,104.8964,China,CN,CHN,Yunnan,诸界镇,云南
Zhumadian,33.014,114.022,China,CN,CHN,Henan,驻马店,河南
Zhuolu,40.3753,115.215,China,CN,CHN,Hebei,涿鹿,河北
Zhuozhou,39.485,115.974,China,CN,CHN,Hebei,涿州,河北
Zhutailing,27.4028,113.0614,China,CN,CHN,Hunan,朱台岭,湖南
Zhuzhou,27.829,113.133,China,CN,CHN,Hunan,株洲,湖南
Zibo,36.8138,118.055,China,CN,CHN,Shandong,淄博,山东
Zigong,29.339,104.779,China,CN,CHN,Sichuan,自贡,四川
Zijinglu,34.7667,112.9667,China,CN,CHN,Henan,紫荆路,河南
Ziketan,35.5886,99.9867,China,CN,CHN,Qinghai,子克滩,青海
Zongdi,25.5909,106.3163,China,CN,CHN,Guizhou,宗地,贵州
Zouping,36.863,117.743,China,CN,CHN,Shandong,邹平,山东
Zuitou,34.0622,107.3128,China,CN,CHN,Shaanxi,嘴头,陕西
Zunhua,40.189,117.966,China,CN,CHN,Hebei,遵化,河北
Zunyi,27.722,107.031,China,CN,CHN,Guizhou,遵义,贵州
Guanghan,31.0,104.3,China,CN,CHN,Sichuan,广汉,四川
Shilin,24.7711,103.2700,China,CN,CHN,Yunnan,石林,云南
Jianshui,23.6340,102.8273,China,CN,CHN,Yunnan,建水,云南
